"default","bmaxrate","amount","close","AA","A","B","C","D","bankcardutil"
0,0.29,3500,1,0,0,0,0,0,0.95
0,0.23,3250,0,0,0,0,0,1,0.93
0,0.2,5000,0,0,0,0,1,0,0.97
0,0.21,5000,0,0,0,0,0,1,0.73
0,0.24,6500,0,0,0,0,1,0,0.98
0,0.21,25000,0,0,1,0,0,0,0.07
0,0.07,2000,1,0,0,0,0,0,0.81
0,0.09,4000,0,0,1,0,0,0,0.32
1,0.29,25000,1,0,0,0,0,1,0.97
0,0.16,8200,0,0,0,0,1,0,0.87
0,0.29,4850,0,0,0,0,0,0,0.89
0,0.15,5500,1,0,0,0,1,0,0
1,0.29,4000,0,0,0,0,0,0,1.07
0,0.1,3000,0,1,0,0,0,0,0.07
0,0.29,2550,1,0,0,0,0,0,1.26
0,0.23,10000,1,0,0,0,0,1,0
0,0.2,4000,0,0,0,0,0,1,0.48
0,0.09,1500,0,0,1,0,0,0,0.29
1,0.24,3000,0,0,0,0,0,0,0
0,0.15,7000,0,0,0,0,1,0,0.95
0,0.11,1000,0,1,0,0,0,0,0.01
1,0.19,3000,1,0,0,0,0,1,0.77
0,0.21,1500,0,0,0,0,1,0,0.01
0,0.1,2000,0,0,1,0,0,0,0.29
0,0.2,4000,0,0,0,0,0,1,0
0,0.2,1500,0,0,0,0,0,1,0.53
0,0.2,5000,1,0,0,0,0,1,0.43
0,0.19,4041,0,0,0,0,0,1,0.91
1,0.29,3025,1,0,0,0,0,0,0
0,0.14,2000,0,0,0,0,1,0,0
0,0.15,3500,0,0,0,0,1,0,0.3
0,0.2,1000,1,0,0,0,1,0,0.76
0,0.29,2500,0,0,0,0,0,1,0.95
0,0.23,1000,1,0,0,0,0,0,0.93
0,0.1,3500,0,1,0,0,0,0,0.07
0,0.25,3000,0,0,0,0,0,1,0.73
1,0.29,2000,0,0,0,0,0,0,0.98
0,0.18,9900,0,0,0,0,1,0,0.55
0,0.21,2500,1,0,1,0,0,0,0.38
0,0.2,7500,1,0,0,0,0,1,0.52
0,0.27,7500,0,0,0,0,1,0,0.73
0,0.07,1000,1,1,0,0,0,0,0.34
0,0.13,2600,1,0,0,0,1,0,0.1
0,0.29,5000,0,0,0,0,0,0,0.93
0,0.14,9000,1,0,0,1,0,0,0.54
0,0.24,1500,0,0,0,0,0,0,0.99
0,0.11,4500,1,1,0,0,0,0,0.97
0,0.2,1000,1,0,0,0,0,1,0.9
0,0.28,6000,0,0,0,0,0,1,0
0,0.17,1850,0,0,0,0,0,1,0.68
0,0.17,3000,0,0,0,0,0,1,0.88
0,0.09,6001,0,1,0,0,0,0,0.22
0,0.12,5900,1,0,1,0,0,0,0.31
0,0.24,3000,0,0,0,0,0,0,1.62
0,0.18,2500,0,0,0,0,0,1,0.87
1,0.12,2500,0,0,0,1,0,0,0
0,0.24,1025,1,0,0,0,0,0,0.59
0,0.08,2000,0,1,0,0,0,0,0.23
0,0.15,15000,0,0,0,1,0,0,0.65
0,0.1,7500,0,1,0,0,0,0,0.23
0,0.09,2000,1,1,0,0,0,0,0.01
0,0.28,2000,1,0,0,0,0,0,0.97
0,0.29,3001,0,0,0,0,0,0,0
0,0.18,9995,0,0,0,0,1,0,0.53
0,0.29,2500,1,0,0,0,0,0,1.01
0,0.23,10000,0,0,0,0,1,0,0.88
0,0.1,3500,1,1,0,0,0,0,0.21
0,0.1,4000,0,0,1,0,0,0,0.16
0,0.25,3000,0,0,0,0,0,1,0.71
0,0.29,2550,0,0,0,0,0,1,0.63
0,0.29,3500,1,0,0,0,0,0,1
0,0.15,8000,0,0,0,1,0,0,0.12
0,0.15,1700,0,0,0,0,0,1,0.83
0,0.29,4500,1,0,0,0,0,0,0.6
0,0.29,3001,1,0,0,0,0,0,0
0,0.2,25000,1,0,0,0,1,0,0.19
0,0.21,10000,0,0,0,0,0,1,0.21
0,0.23,1500,0,0,0,0,0,0,0.84
0,0.17,1000,0,0,0,0,0,1,0.67
0,0.2,5300,0,0,0,0,0,1,1.26
1,0.27,2000,1,0,0,0,0,0,0
0,0.1,7000,0,1,0,0,0,0,0.07
0,0.14,7000,0,0,0,0,1,0,0.55
0,0.29,4500,1,0,0,0,0,0,1.52
0,0.17,3000,0,0,0,0,0,1,0.91
0,0.1,7500,1,0,0,0,0,1,1.02
0,0.25,2500,0,0,0,0,0,1,1.01
0,0.17,5600,0,0,0,0,1,0,0.84
0,0.07,1000,1,0,0,0,0,0,0
0,0.22,6001,0,0,0,0,1,0,0.98
0,0.23,2000,0,0,0,0,0,0,1.13
0,0.08,6001,0,1,0,0,0,0,0.04
0,0.2,5000,1,0,0,0,1,0,0.95
0,0.06,9600,1,0,0,0,1,0,0.16
0,0.17,1500,0,0,0,0,1,0,0.67
0,0.17,1200,0,0,0,0,0,0,1.36
0,0.17,1200,0,0,0,0,0,1,0.94
0,0.19,3000,1,0,0,0,0,1,0
1,0.29,2550,1,0,0,0,0,1,1.51
0,0.15,2000,1,0,0,0,0,1,0.49
0,0.23,3500,0,0,0,0,0,0,0.92
0,0.29,2500,0,0,0,0,0,0,0
0,0.13,9000,0,0,1,0,0,0,0
1,0.29,2000,1,0,0,0,0,0,1.08
0,0.19,7400,1,0,0,0,1,0,0.87
0,0.17,4500,0,0,0,0,0,1,0.05
0,0.2,5000,0,0,0,0,0,1,0.22
0,0.2,7500,0,0,0,0,1,0,0.38
0,0.15,1500,1,1,0,0,0,0,0.64
0,0.13,6000,0,0,0,0,1,0,0.92
0,0.24,2500,1,0,0,0,0,1,0.96
0,0.23,8100,0,0,0,0,1,0,0.93
0,0.13,6000,0,0,0,1,0,0,0
0,0.2,3000,1,0,0,0,0,1,0
0,0.25,7000,0,0,0,0,0,1,0.62
0,0.18,2550,1,0,0,0,0,0,0.99
0,0.16,9000,0,0,0,1,0,0,0.05
0,0.16,5000,0,0,0,0,1,0,0.89
0,0.09,5400,0,1,0,0,0,0,0.18
0,0.19,3725,0,0,0,0,0,1,0.78
1,0.2,20000,1,1,0,0,0,0,0.05
0,0.17,3500,0,0,0,0,0,0,0.98
0,0.16,9800,0,0,0,0,1,0,0
0,0.29,4669,1,0,0,0,0,0,0
0,0.09,1025,1,0,0,0,0,1,0.76
0,0.09,6001,0,1,0,0,0,0,0.26
0,0.1,2000,1,0,0,1,0,0,0
0,0.11,8000,0,0,0,1,0,0,0.62
0,0.16,2000,1,0,0,0,1,0,0
0,0.29,3950,0,0,0,0,0,0,0.78
0,0.1,2000,0,0,0,1,0,0,0
0,0.28,5000,0,0,0,0,0,0,0.87
0,0.15,7700,0,0,0,0,1,0,0.38
0,0.15,20000,0,0,1,0,0,0,0.37
0,0.24,3000,0,0,0,0,0,0,0
0,0.18,7500,0,0,0,1,0,0,0.9
0,0.29,5000,0,0,0,0,0,0,0.72
0,0.11,2500,1,0,0,1,0,0,0
0,0.1,4000,0,0,1,0,0,0,0.88
1,0.22,25000,0,0,0,0,1,0,0.73
0,0.22,2500,1,0,0,0,0,1,0.74
0,0.29,2700,0,0,0,0,0,0,0
0,0.1,6000,1,0,1,0,0,0,0.75
0,0.15,2000,1,0,0,0,0,0,0
0,0.09,2550,0,0,1,0,0,0,0.05
0,0.16,9000,0,0,0,0,1,0,0.97
0,0.18,2500,0,0,0,0,0,1,0.82
0,0.13,8000,0,0,1,0,0,0,0.57
0,0.1,6500,0,0,1,0,0,0,0.34
0,0.16,8500,0,0,0,0,1,0,0.56
0,0.17,9500,0,1,0,0,0,0,0.95
0,0.29,5000,1,0,0,0,0,0,0
0,0.18,3000,0,0,0,1,0,0,0.79
0,0.2,2500,0,0,0,0,0,0,0.8
0,0.23,1000,0,0,0,0,0,0,0.92
0,0.13,2500,0,0,1,0,0,0,0.57
0,0.23,5000,0,0,0,0,0,1,0
0,0.29,2100,0,0,0,0,0,0,0
0,0.15,8000,0,0,0,1,0,0,0.64
0,0.28,5500,0,0,0,0,0,1,0.35
0,0.11,6000,0,1,0,0,0,0,0.4
0,0.22,7000,0,1,0,0,0,0,0.07
0,0.27,1000,1,0,0,0,0,0,0
0,0.09,2500,0,0,1,0,0,0,0.04
0,0.23,4900,0,0,0,0,0,1,1
0,0.1,5000,0,0,1,0,0,0,0
0,0.29,2500,0,0,0,0,0,1,0.83
0,0.23,15000,1,0,0,1,0,0,0.76
0,0.29,7500,1,0,0,0,0,1,0.09
0,0.15,1000,1,0,0,0,1,0,0.73
0,0.08,1000,0,1,0,0,0,0,0.01
0,0.29,2200,0,0,0,0,0,0,1.06
1,0.29,1550,0,0,0,0,0,0,0
0,0.1,9990,0,1,0,0,0,0,0.05
0,0.29,4000,1,0,0,0,0,0,0
1,0.29,3000,1,0,0,0,0,1,0.53
1,0.29,2500,1,0,0,0,0,0,0
0,0.16,4200,1,0,0,0,1,0,0.83
0,0.12,10000,0,0,1,0,0,0,0.85
0,0.08,1000,0,1,0,0,0,0,0.31
0,0.1,1500,1,0,1,0,0,0,0.79
1,0.16,6500,1,0,1,0,0,0,0.93
0,0.16,8000,0,0,0,0,1,0,0.8
0,0.19,8500,0,0,0,0,1,0,0.79
0,0.06,1000,0,1,0,0,0,0,0.04
1,0.29,3000,1,0,0,0,0,0,0.67
0,0.1,3900,0,0,1,0,0,0,0.53
0,0.29,2600,0,0,0,0,0,0,0.98
0,0.16,3500,0,0,0,0,1,0,0.83
1,0.29,1000,0,0,0,0,0,0,0.95
0,0.23,5300,0,0,0,0,0,1,0.45
0,0.29,3000,1,0,0,0,0,0,0
0,0.07,1500,0,1,0,0,0,0,0.01
0,0.29,2875,1,0,0,0,0,0,1
0,0.25,10000,1,0,0,0,0,1,0.71
0,0.17,2500,1,0,0,0,1,0,0.59
0,0.29,3000,0,0,0,0,0,0,0.91
0,0.2,2700,1,0,0,0,0,1,0.87
0,0.15,4500,1,0,0,0,1,0,0.49
0,0.12,3000,0,0,0,1,0,0,0.56
0,0.15,2500,0,0,0,0,1,0,0.56
0,0.13,8500,0,1,0,0,0,0,0.21
0,0.15,9000,0,0,0,0,1,0,0.97
1,0.24,2600,0,0,0,0,0,0,0.96
0,0.27,3000,1,0,0,0,0,1,0.79
0,0.05,1000,0,0,0,0,0,1,0.42
0,0.11,6500,0,0,1,0,0,0,0.34
0,0.07,1000,1,1,0,0,0,0,0.08
0,0.25,2000,0,0,0,0,0,1,0
0,0.19,2100,0,0,0,0,0,1,0.86
1,0.19,12500,0,1,0,0,0,0,0.02
0,0.29,3000,1,0,0,0,0,0,0.98
0,0.2,5000,0,0,0,0,1,0,0.61
0,0.29,3000,0,0,0,0,0,0,0.98
0,0.23,3000,1,0,0,0,0,1,0.7
0,0.24,1000,1,0,0,0,0,0,0
0,0.17,3000,1,0,0,0,1,0,0.59
0,0.17,8000,0,0,0,0,1,0,0.8
0,0.23,8500,1,0,0,0,0,0,1.13
0,0.18,5000,1,0,0,0,0,1,0
1,0.23,2000,0,0,0,0,0,0,0.9
0,0.18,1600,0,0,0,0,0,1,0.94
0,0.14,5000,0,0,0,1,0,0,0
0,0.2,1000,0,0,0,0,0,0,1
0,0.17,6500,0,0,0,0,1,0,0.79
0,0.11,1000,0,0,0,0,0,1,0.98
0,0.15,1600,0,0,0,0,1,0,0.82
0,0.15,8500,0,0,0,1,0,0,0
1,0.29,3000,0,0,0,0,0,0,1.51
0,0.09,7000,0,1,0,0,0,0,0.17
0,0.1,2100,0,1,0,0,0,0,0
0,0.26,2000,1,0,0,0,0,0,0
0,0.29,3000,0,0,0,0,0,0,0.79
0,0.2,2850,0,0,0,0,1,0,0.7
0,0.25,2550,0,0,0,0,0,1,0.53
0,0.17,5233,0,0,0,1,0,0,0.38
0,0.26,5500,0,0,0,0,0,0,0.99
1,0.2,2700,1,0,0,0,0,1,0.8
0,0.2,13500,0,0,0,0,1,0,0.31
0,0.15,1200,1,0,0,0,0,0,0
0,0.22,6500,1,0,0,0,0,0,0.97
0,0.29,1200,1,0,0,0,0,0,1
0,0.27,3001,1,0,0,0,0,0,1.02
0,0.29,5000,1,0,0,0,0,0,0
0,0.05,1000,1,0,0,0,0,1,0.48
0,0.07,3000,0,0,0,0,1,0,0.87
0,0.17,10000,0,0,1,0,0,0,0.39
0,0.17,9000,0,0,0,0,1,0,0.94
0,0.29,5500,0,0,0,0,0,1,0.72
0,0.28,2000,0,0,0,0,0,0,0.77
0,0.19,6000,0,0,0,0,1,0,0.49
0,0.16,25000,0,0,1,0,0,0,0
0,0.29,3000,0,0,0,0,0,0,1.15
0,0.15,1200,0,0,0,0,0,1,0.9
0,0.2,5000,0,0,1,0,0,0,0.16
0,0.09,3030,0,1,0,0,0,0,0.04
0,0.16,6001,1,0,0,0,1,0,0.77
0,0.17,6500,1,0,0,0,0,1,0
0,0.28,3900,0,0,0,0,0,0,1.08
0,0.29,1750,1,0,0,0,0,0,0.98
0,0.16,9000,0,0,0,0,1,0,0.69
0,0.24,25000,1,0,0,0,1,0,0.46
0,0.24,11520,0,0,0,0,0,1,0.6
0,0.26,25000,1,0,0,0,0,1,0.38
0,0.14,4000,0,0,0,1,0,0,0.16
0,0.24,10000,0,0,1,0,0,0,0.54
0,0.09,2550,0,0,1,0,0,0,0.17
1,0.23,7800,1,0,0,0,1,0,1.03
0,0.15,2000,0,0,0,0,0,1,0.36
0,0.2,5000,0,0,0,0,0,1,0.45
0,0.29,3001,0,0,0,0,0,0,0.85
1,0.18,1230,0,0,0,0,1,0,0
0,0.09,2500,0,1,0,0,0,0,0.1
0,0.24,1550,0,0,0,0,0,0,1.09
0,0.14,1000,0,0,0,1,0,0,0
0,0.2,2018,0,0,0,0,0,0,0
0,0.29,3500,0,0,0,0,0,0,0.98
0,0.2,15000,0,0,0,0,1,0,0.84
0,0.23,5000,0,0,0,0,0,0,1
0,0.15,5000,0,0,0,0,1,0,0.83
0,0.19,13500,0,0,0,1,0,0,0.78
0,0.14,25000,0,1,0,0,0,0,0
0,0.18,4100,0,0,0,0,1,0,0.5
0,0.29,2550,0,0,0,0,0,0,1.7
0,0.16,5300,0,0,0,0,1,0,0.92
0,0.17,1000,1,0,0,0,0,1,0.14
0,0.28,1200,0,0,0,0,0,0,0.81
0,0.25,4800,0,0,0,0,0,0,0.85
0,0.14,9000,0,0,0,1,0,0,0.14
0,0.29,2550,0,0,0,0,0,0,1
0,0.2,3800,0,0,0,0,0,0,1
0,0.28,2500,1,0,0,0,0,0,1.04
0,0.28,5000,0,0,0,0,0,0,1.19
0,0.07,2000,1,1,0,0,0,0,0.07
1,0.26,5050,1,0,0,0,0,1,0
0,0.29,4000,1,0,0,0,0,0,0.98
0,0.24,6000,0,0,0,0,0,1,0.52
0,0.29,2550,1,0,0,0,0,1,0.75
0,0.17,9200,0,0,1,0,0,0,0.06
0,0.2,2000,1,0,0,0,0,1,0.78
0,0.16,7000,0,0,0,0,1,0,0.98
0,0.11,3000,0,0,0,1,0,0,0.27
0,0.18,5000,0,0,0,0,1,0,0.66
0,0.28,9900,0,0,0,0,0,1,0.33
0,0.13,9999,0,0,0,1,0,0,0.61
0,0.17,1700,0,0,0,0,0,0,0.8
0,0.23,6300,0,0,0,0,0,1,0.76
0,0.29,3500,0,0,0,0,0,0,1.24
0,0.17,3800,0,0,0,0,0,1,1.1
0,0.17,1500,0,0,0,0,0,1,0.92
0,0.15,10000,0,1,0,0,0,0,0.64
0,0.29,3005,1,0,0,0,0,0,0.76
0,0.26,2500,0,0,0,0,0,0,0.65
0,0.26,6000,1,0,0,0,0,0,1.06
0,0.29,7000,0,0,0,0,0,1,0.7
0,0.1,3000,0,1,0,0,0,0,0.05
0,0.15,8000,0,0,1,0,0,0,0.84
0,0.17,17000,0,0,1,0,0,0,0.7
0,0.25,25000,0,0,1,0,0,0,0.71
0,0.28,3200,0,0,0,0,0,0,0.99
0,0.15,4200,0,0,0,0,1,0,0.3
0,0.26,3600,0,0,0,0,0,0,0.53
0,0.14,2500,1,0,0,1,0,0,0.71
0,0.2,3000,1,0,0,0,0,1,0.07
0,0.2,2000,0,0,0,0,0,0,0.77
0,0.28,1500,1,0,0,0,0,0,1
0,0.15,25000,1,1,0,0,0,0,0.37
0,0.22,15000,0,0,0,0,1,0,0.94
0,0.23,6001,0,0,0,0,0,1,0.61
0,0.17,5000,0,0,0,0,1,0,0.17
0,0.15,8942,0,0,0,1,0,0,0
0,0.29,2500,0,0,0,0,0,0,0.96
0,0.29,3000,0,0,0,0,0,0,0.92
0,0.12,15000,0,1,0,0,0,0,0.09
0,0.1,4999,0,1,0,0,0,0,0.06
0,0.2,2000,1,0,0,0,0,1,0.88
0,0.12,1500,1,0,0,0,0,1,0.59
0,0.1,6500,0,0,1,0,0,0,0.67
0,0.25,7000,0,0,0,0,1,0,1.02
0,0.23,6000,0,0,0,0,1,0,0
0,0.09,2000,0,0,1,0,0,0,0.85
0,0.17,10000,0,0,0,0,1,0,0.76
0,0.29,4200,0,0,0,0,0,0,1
0,0.29,25000,0,0,0,0,1,0,0.34
0,0.11,14000,0,1,0,0,0,0,0.56
0,0.21,5000,0,0,0,0,0,1,0.97
0,0.2,12200,0,0,0,0,1,0,0.35
0,0.28,5000,0,0,0,0,0,1,0.81
0,0.17,1500,1,0,0,0,1,0,0.56
0,0.24,2550,0,0,0,0,0,0,0
0,0.2,2500,0,0,0,0,0,0,0.78
0,0.22,2000,0,0,0,0,0,0,0
0,0.22,5000,0,0,0,0,0,1,0.93
0,0.21,5000,0,0,0,0,0,1,0.95
0,0.16,10999,0,0,0,1,0,0,0.97
0,0.24,2500,1,0,0,0,0,1,0.83
0,0.19,25000,0,0,0,0,1,0,0.72
0,0.22,2500,1,0,0,0,0,0,1
0,0.15,7000,0,0,1,0,0,0,0.33
0,0.15,1500,0,0,0,0,1,0,0.8
0,0.11,6000,0,0,1,0,0,0,0
0,0.15,12000,0,0,0,1,0,0,0.94
0,0.09,3000,0,1,0,0,0,0,0.71
1,0.15,1250,0,0,0,0,1,0,0.74
0,0.29,1000,0,0,0,0,0,0,0.45
0,0.09,3500,0,1,0,0,0,0,0
0,0.29,25000,0,0,0,0,0,1,0.98
0,0.15,1000,0,0,0,0,0,1,0
0,0.21,4900,0,0,0,0,0,1,0
0,0.28,5000,0,0,0,0,0,0,0.96
0,0.2,8000,0,0,0,0,0,1,0.91
0,0.09,3000,0,0,1,0,0,0,0.13
0,0.24,9999,0,0,0,1,0,0,0.89
0,0.1,10000,0,0,1,0,0,0,0.12
0,0.28,5000,0,0,0,0,1,0,0.95
0,0.29,25000,0,0,1,0,0,0,0.61
0,0.2,9000,0,0,0,0,0,1,1.01
0,0.25,2500,0,0,0,0,0,0,0
0,0.17,2550,0,0,0,0,1,0,0.25
1,0.29,4000,1,0,0,0,0,1,0.94
0,0.07,2500,1,1,0,0,0,0,0
0,0.22,17500,0,1,0,0,0,0,0
0,0.2,6001,0,0,0,0,1,0,0.77
0,0.28,4750,1,0,0,0,0,0,0.14
0,0.13,5500,0,0,0,1,0,0,0.34
0,0.13,6000,1,0,1,0,0,0,0.22
0,0.07,1000,0,1,0,0,0,0,0.07
0,0.08,2500,1,1,0,0,0,0,0.24
0,0.2,3000,0,0,0,0,0,1,0.98
0,0.25,5000,1,0,0,0,0,0,0.92
0,0.24,4000,0,0,0,0,0,0,0.7
0,0.2,12000,0,0,0,0,1,0,0.34
0,0.1,15000,0,1,0,0,0,0,0.21
0,0.28,25000,0,0,0,0,1,0,0.73
0,0.2,3300,0,0,0,0,0,1,0.55
0,0.2,18000,0,0,0,1,0,0,0.71
1,0.29,2550,1,0,0,0,0,0,0
0,0.1,3000,0,1,0,0,0,0,0.14
0,0.15,9999,0,0,0,1,0,0,0.31
0,0.15,5000,0,0,0,1,0,0,0.35
0,0.18,15000,0,0,0,0,1,0,0.29
0,0.18,10000,0,0,0,0,1,0,0.87
0,0.21,10000,0,0,0,0,0,1,1.01
0,0.2,5000,0,0,0,0,0,1,0.85
0,0.18,10000,0,0,0,0,1,0,0.97
0,0.09,5000,0,1,0,0,0,0,0.01
0,0.2,1500,0,0,0,0,0,0,0.6
0,0.21,9975,0,0,0,0,1,0,0.62
0,0.08,3000,0,1,0,0,0,0,0.46
0,0.15,6088,0,0,0,1,0,0,0.69
0,0.29,5500,0,0,0,0,0,0,0.99
0,0.11,1600,0,0,0,1,0,0,0.69
1,0.28,7500,1,0,0,0,1,0,0
0,0.15,12000,0,0,0,0,1,0,0.52
0,0.24,2000,0,0,0,0,0,0,0
0,0.26,2200,0,0,0,0,0,0,0.98
0,0.08,2600,0,0,1,0,0,0,0
0,0.08,3500,0,1,0,0,0,0,0.46
0,0.29,4500,0,0,0,0,0,0,0.94
0,0.11,5000,0,0,1,0,0,0,0.18
0,0.21,5000,0,0,0,0,1,0,0
0,0.2,5000,0,0,0,0,1,0,0.96
0,0.08,2000,0,1,0,0,0,0,0.05
0,0.21,2550,0,0,0,0,0,0,0.24
0,0.15,20000,1,0,0,1,0,0,0.72
0,0.09,3000,0,1,0,0,0,0,0
0,0.16,5000,0,0,0,1,0,0,0.94
0,0.25,5000,1,0,0,0,0,0,0.96
0,0.23,10000,1,0,0,0,1,0,0.64
0,0.18,2750,1,0,0,0,0,1,0
0,0.28,10500,0,0,0,0,1,0,0.94
1,0.24,3200,1,0,0,0,0,0,0.73
0,0.15,9500,0,0,0,0,1,0,0.37
0,0.15,25000,0,0,0,1,0,0,0
0,0.15,4000,0,0,0,0,1,0,0
0,0.24,3000,0,0,0,0,0,0,0
0,0.18,7500,0,0,0,0,1,0,0.58
0,0.17,9500,0,0,0,0,1,0,0.37
0,0.09,3500,0,1,0,0,0,0,0.1
1,0.29,3500,0,0,0,0,0,0,0
1,0.29,2500,1,0,0,0,0,0,0.82
0,0.16,24000,1,0,1,0,0,0,0.35
0,0.18,2500,0,0,0,0,1,0,0
0,0.13,15000,1,1,0,0,0,0,0.07
0,0.11,2593,0,0,0,0,0,0,1.01
0,0.18,1500,0,0,0,0,1,0,0.1
0,0.24,10000,1,0,1,0,0,0,0.03
0,0.08,1000,0,1,0,0,0,0,0
0,0.17,1675,0,0,0,0,0,0,0.95
0,0.17,10000,0,0,0,1,0,0,0.72
0,0.15,9999,0,0,1,0,0,0,0.31
0,0.2,9000,1,0,0,0,0,1,0.93
0,0.2,2000,1,0,0,0,0,0,0.87
0,0.2,1000,0,0,0,0,0,0,0
0,0.17,10000,0,0,0,1,0,0,0.28
1,0.19,23000,0,0,1,0,0,0,0.27
0,0.14,1500,1,1,0,0,0,0,0.25
0,0.18,9800,1,0,0,0,1,0,0.72
1,0.29,6000,0,0,0,0,0,0,0.59
0,0.29,3000,0,0,0,0,0,0,0.61
0,0.13,5000,0,0,1,0,0,0,0.69
0,0.15,8000,0,0,0,1,0,0,0.54
0,0.29,3000,0,0,0,0,0,0,0.91
0,0.24,5250,0,0,0,0,0,0,0.57
0,0.29,1500,0,0,0,0,0,0,0
1,0.26,1200,1,0,0,0,0,0,0
0,0.29,12000,0,0,0,0,1,0,0.92
0,0.14,3500,0,0,0,0,1,0,0.94
0,0.17,1775,0,0,0,0,0,1,0.9
0,0.1,9000,0,1,0,0,0,0,0.22
0,0.29,6000,0,0,0,0,0,0,0.94
1,0.29,5001,1,0,0,0,0,1,0.3
0,0.09,1000,0,1,0,0,0,0,0.02
0,0.2,10000,0,0,0,0,0,1,0.85
0,0.18,2500,0,0,1,0,0,0,0.84
0,0.21,3000,0,0,0,0,1,0,0.04
0,0.12,13000,0,1,0,0,0,0,0.36
0,0.29,6000,1,0,0,0,0,0,0
0,0.29,2000,1,0,0,0,0,0,0
0,0.29,1500,0,0,0,0,0,0,0.84
0,0.25,9000,0,0,0,0,0,1,0.43
0,0.21,7500,1,0,0,0,1,0,1.02
0,0.29,4500,0,0,0,0,0,0,0.98
0,0.14,3500,0,0,0,1,0,0,0.65
0,0.21,6001,1,0,0,0,0,1,0
0,0.17,6500,0,0,0,0,1,0,0.81
0,0.19,10000,1,0,0,0,1,0,0.81
0,0.18,3100,0,0,0,0,0,1,0.86
0,0.25,9000,0,0,0,0,0,0,0.99
0,0.15,5100,0,0,0,0,1,0,0.19
0,0.25,2500,0,0,0,0,0,1,0.66
1,0.2,2000,0,0,0,0,0,0,1.44
1,0.2,6500,1,0,0,0,1,0,0.9
0,0.25,6000,1,0,0,0,0,0,1
1,0.29,5108,0,0,0,0,0,0,0
0,0.07,1850,1,1,0,0,0,0,0.31
0,0.17,10000,0,0,0,0,1,0,0.85
0,0.22,4000,1,0,0,0,0,1,1
0,0.1,3000,1,0,1,0,0,0,0.32
1,0.17,10000,0,0,0,0,1,0,0.84
0,0.14,1000,0,0,1,0,0,0,0.6
1,0.29,2500,0,0,0,0,0,0,0
0,0.17,4000,1,0,0,0,0,1,0.31
0,0.2,2000,0,0,0,0,0,1,0.01
0,0.16,7000,0,0,0,0,1,0,0.29
0,0.2,9000,0,0,0,0,0,1,0.94
0,0.25,2750,1,0,0,0,0,0,0
0,0.21,15000,0,0,0,0,1,0,0.82
0,0.11,2400,0,0,0,1,0,0,0.25
0,0.15,4000,0,0,0,1,0,0,0.46
0,0.23,5000,0,0,0,0,0,0,0.97
0,0.14,24000,0,0,1,0,0,0,0.54
0,0.17,13000,1,0,0,1,0,0,0.88
0,0.23,4000,1,0,0,0,0,0,1.35
0,0.29,3300,0,0,0,0,0,0,0.91
0,0.15,3000,0,0,0,0,1,0,0
0,0.13,20000,0,1,0,0,0,0,0.13
0,0.15,2000,0,0,0,0,1,0,0
0,0.29,5000,0,0,0,0,0,0,0.83
0,0.25,2550,0,0,0,0,0,1,0.86
0,0.19,6001,1,0,0,0,0,1,0.24
0,0.26,2550,0,0,0,0,0,0,0.88
0,0.18,1000,1,0,0,0,1,0,0
0,0.16,5000,0,0,0,0,1,0,0.94
0,0.2,8000,1,0,0,0,0,1,0.52
0,0.17,1500,0,0,0,0,0,1,0.61
1,0.15,3000,0,0,0,0,0,1,0.73
0,0.19,21200,1,0,0,1,0,0,0.47
0,0.18,5600,0,0,0,1,0,0,0.48
0,0.23,1525,0,0,0,0,0,1,0.56
0,0.2,1500,0,0,0,0,0,0,0.88
0,0.23,25000,0,0,0,1,0,0,0
0,0.08,5000,0,1,0,0,0,0,0.13
0,0.2,2000,1,0,0,0,1,0,0.98
0,0.14,7750,0,0,0,0,1,0,0.59
0,0.12,2500,0,0,0,0,1,0,0
0,0.29,2000,0,0,0,0,0,0,0
0,0.2,7500,1,0,0,0,1,0,0.62
0,0.24,15000,1,0,0,0,0,1,0.81
0,0.2,9000,0,0,0,0,0,1,0.88
0,0.07,1000,0,1,0,0,0,0,0.34
0,0.2,9999,0,0,0,0,0,1,0.9
0,0.29,2550,0,0,0,0,0,0,1
0,0.26,4000,0,0,0,0,0,0,0.99
0,0.08,1668,0,1,0,0,0,0,0.05
0,0.16,25000,0,1,0,0,0,0,0
0,0.19,3001,0,0,0,0,0,1,0.48
1,0.17,9000,0,0,0,0,1,0,0.99
0,0.29,17000,1,0,0,0,0,1,0
0,0.27,3200,1,0,0,0,0,0,0
0,0.19,12500,0,0,0,0,1,0,0.88
1,0.29,1000,1,0,0,0,0,0,0.42
0,0.25,6000,0,0,0,0,0,1,1.02
0,0.15,2300,0,0,0,0,1,0,0.46
0,0.29,2800,0,0,0,0,1,0,0.99
0,0.2,2400,1,0,0,0,0,1,0
0,0.29,2500,0,0,0,0,0,0,0.89
0,0.15,8575,0,0,0,1,0,0,0.9
0,0.27,7500,0,0,0,0,0,0,0.91
0,0.29,2000,0,0,0,0,0,0,1.23
0,0.09,5000,0,1,0,0,0,0,0.17
1,0.25,15000,0,0,0,0,0,1,0.11
0,0.15,5000,0,0,0,0,1,0,0.67
0,0.29,1800,0,0,0,0,0,0,0.85
0,0.2,4600,0,0,0,0,0,0,0.91
0,0.29,15000,0,1,0,0,0,0,0
0,0.1,1000,0,0,1,0,0,0,0.28
0,0.17,15000,0,0,0,1,0,0,0.96
1,0.29,2000,0,0,0,0,0,0,0
0,0.25,25000,0,0,0,0,0,1,0.57
0,0.15,3000,1,0,0,0,1,0,0.99
0,0.15,2000,0,0,0,0,1,0,0.54
0,0.15,6000,0,0,0,1,0,0,0.39
0,0.2,12000,0,0,0,0,1,0,0.26
0,0.1,4000,0,1,0,0,0,0,0.51
0,0.11,11000,1,1,0,0,0,0,0.43
0,0.22,10000,0,0,0,0,0,1,0.93
0,0.28,5000,0,0,0,0,0,0,0.95
1,0.29,4500,0,0,0,0,0,1,0.97
0,0.25,10500,0,0,0,0,0,1,0.81
0,0.09,5000,0,1,0,0,0,0,0.28
0,0.24,7100,0,0,0,0,0,1,0.9
0,0.29,4000,1,0,0,0,0,0,0
0,0.1,5000,0,1,0,0,0,0,0.52
1,0.28,3500,0,0,0,0,0,0,0
0,0.2,19000,0,0,0,0,1,0,0.95
0,0.2,2600,0,0,0,0,0,0,0
0,0.29,2610,0,0,0,0,0,0,1.39
0,0.29,25000,0,0,0,0,1,0,0.95
0,0.29,3000,0,0,0,0,0,0,0.82
0,0.29,2500,1,0,0,0,0,0,1.04
0,0.27,25000,1,0,0,0,1,0,0
0,0.29,25000,0,0,0,1,0,0,0.82
0,0.29,2000,0,0,0,0,0,0,0
0,0.25,3500,0,0,0,0,0,0,0.97
0,0.29,2550,0,0,0,0,0,0,0.91
0,0.05,1000,0,0,0,0,0,1,0.64
0,0.27,1000,1,0,0,0,0,0,0.88
0,0.13,10800,1,0,1,0,0,0,0.68
0,0.2,3000,0,0,0,0,0,1,0.89
0,0.29,3001,0,0,0,0,0,0,0
0,0.24,5500,0,0,0,0,0,1,0
0,0.16,17000,0,0,1,0,0,0,0
0,0.29,5000,1,0,0,0,0,0,0.96
0,0.29,2550,1,0,0,0,0,0,0.91
0,0.29,3000,0,0,0,0,0,1,0.85
0,0.28,6000,0,0,0,0,0,1,0.68
0,0.29,5500,1,0,0,0,1,0,0.72
0,0.18,3100,0,0,0,0,1,0,0.98
1,0.29,3001,0,0,0,0,0,0,0
0,0.18,15000,0,0,0,1,0,0,0.51
0,0.29,3600,1,0,0,0,0,1,0.69
0,0.24,3500,0,0,0,0,0,0,1
0,0.13,5000,1,0,1,0,0,0,0.16
1,0.15,1500,1,0,0,0,1,0,0.2
0,0.2,7400,1,0,0,0,0,1,0.27
0,0.28,1250,0,0,0,0,0,0,0
0,0.27,14000,1,0,0,0,0,1,0.65
0,0.28,5000,0,0,0,0,0,0,0.56
0,0.11,2700,1,1,0,0,0,0,0.12
0,0.11,4999,0,0,1,0,0,0,0.28
1,0.15,3000,0,0,0,0,1,0,0
0,0.2,7500,0,0,0,0,1,0,0.36
0,0.15,25000,0,1,0,0,0,0,0.16
0,0.27,3200,0,0,0,0,0,0,0.98
0,0.15,14500,1,0,1,0,0,0,0
0,0.18,15000,0,0,0,1,0,0,0.65
0,0.2,1300,0,0,0,0,0,0,0
0,0.29,1500,0,0,0,0,0,0,0.95
0,0.2,6500,0,0,0,0,0,1,0.9
0,0.21,6000,0,0,0,0,1,0,0.89
1,0.24,3500,0,0,0,0,0,0,0.83
0,0.29,2000,0,0,0,0,0,0,0.4
0,0.12,2000,0,1,0,0,0,0,0.01
0,0.14,2400,0,0,0,1,0,0,0.94
0,0.29,5000,0,0,0,0,0,0,1.01
0,0.15,1000,1,0,0,0,0,1,0.46
0,0.12,10000,0,0,0,1,0,0,0.5
0,0.22,13000,0,0,0,0,0,1,0.82
0,0.15,15000,0,1,0,0,0,0,0.01
1,0.25,16000,1,0,0,0,0,1,0.67
0,0.24,1000,0,0,0,0,0,0,0.81
0,0.15,5000,0,0,0,1,0,0,0.27
0,0.2,12000,0,0,0,0,1,0,0.66
1,0.22,5000,0,0,0,0,0,1,0.47
0,0.2,3000,0,0,0,0,0,1,0
0,0.29,1500,1,0,0,0,0,0,0.91
0,0.15,5000,0,0,0,1,0,0,0.33
0,0.23,8000,0,0,0,0,1,0,0.75
1,0.29,5000,0,0,0,0,0,0,0.89
0,0.12,20000,0,1,0,0,0,0,0
0,0.14,4000,0,0,0,1,0,0,0.18
1,0.25,1250,0,0,0,0,0,0,0.99
0,0.19,1500,0,0,0,0,0,1,0.86
0,0.12,4000,0,1,0,0,0,0,0.28
0,0.16,6000,0,0,1,0,0,0,0.16
0,0.24,15000,0,0,0,1,0,0,0.86
0,0.2,20000,1,0,0,0,1,0,1
0,0.2,5000,0,0,0,0,0,0,0.72
0,0.17,2800,0,0,0,0,1,0,0
0,0.2,5000,0,0,0,0,1,0,0.97
0,0.18,5500,0,0,0,0,1,0,1.02
0,0.29,10000,0,0,0,0,0,1,0.93
0,0.14,9250,0,0,0,1,0,0,0.92
0,0.07,3000,1,1,0,0,0,0,0.01
1,0.29,2501,1,0,0,0,0,0,0
0,0.12,15000,0,1,0,0,0,0,0
0,0.17,25000,0,0,1,0,0,0,0.54
0,0.17,2000,0,0,0,1,0,0,0.74
0,0.26,3000,1,0,0,0,0,0,0
0,0.29,2501,0,0,0,0,0,0,1.22
0,0.11,6001,0,0,1,0,0,0,0.01
0,0.11,3500,0,0,0,0,0,1,0
0,0.2,9000,0,0,0,0,0,1,0.72
0,0.16,4500,0,0,0,0,0,1,0.88
0,0.18,13000,0,0,0,1,0,0,0.52
0,0.1,2000,0,0,1,0,0,0,0
0,0.15,3500,0,0,0,0,1,0,0.56
0,0.29,3000,0,0,0,0,0,0,0
1,0.29,2550,0,0,0,0,0,0,0.95
0,0.18,14500,1,0,0,1,0,0,0.66
0,0.14,17500,0,0,0,1,0,0,0.79
0,0.17,6001,0,0,0,1,0,0,0.56
0,0.22,20000,1,0,0,1,0,0,0.77
0,0.29,6000,0,0,0,0,0,0,0
0,0.11,1000,0,1,0,0,0,0,0.03
0,0.28,10000,0,0,0,0,1,0,0.24
0,0.11,5000,1,0,0,1,0,0,0.45
1,0.29,1500,1,0,0,0,0,0,1.29
1,0.29,5000,0,0,0,0,0,0,0.88
0,0.23,3100,0,0,0,0,0,0,0.78
0,0.29,10000,0,0,0,0,0,1,0.49
0,0.16,3300,0,0,0,0,1,0,0.3
0,0.27,1700,0,0,0,0,0,0,0.95
0,0.29,2500,0,0,0,0,0,0,0
0,0.17,6750,1,0,0,0,1,0,0.73
0,0.26,6500,0,0,0,0,0,0,0.53
0,0.2,5000,0,0,0,0,1,0,0.81
0,0.29,3000,0,0,0,0,0,0,1.02
0,0.2,9500,0,0,0,0,0,1,0.72
0,0.29,5824,0,0,0,0,0,0,0
0,0.15,15000,0,1,0,0,0,0,0.04
0,0.29,6000,0,0,0,0,0,0,1.02
0,0.1,3600,1,0,1,0,0,0,0.28
0,0.22,10000,0,0,0,0,0,1,0.8
0,0.25,15000,0,0,0,0,1,0,0
0,0.16,23000,1,0,1,0,0,0,0.13
0,0.08,3001,0,1,0,0,0,0,0.14
0,0.28,4000,0,0,0,0,0,0,0.53
0,0.08,2000,0,1,0,0,0,0,0.06
0,0.2,1750,0,0,0,0,0,0,0.96
0,0.13,1200,0,0,0,0,0,1,0.72
0,0.17,1000,0,0,0,0,1,0,0.72
0,0.21,5000,0,0,0,0,0,1,0.26
0,0.18,15000,0,0,0,1,0,0,0.26
0,0.16,5200,0,0,0,0,1,0,0.86
0,0.07,1100,1,0,1,0,0,0,0.18
0,0.19,4400,0,0,0,0,0,1,0.98
1,0.29,16900,0,0,0,0,0,1,0.04
0,0.17,5000,0,0,0,0,0,1,0.89
0,0.25,8500,0,0,0,0,1,0,0.87
0,0.15,10000,0,0,0,1,0,0,0.66
0,0.11,8000,1,1,0,0,0,0,0.17
0,0.21,9500,0,0,0,0,0,1,0.73
0,0.12,10000,1,1,0,0,0,0,0.08
1,0.19,10000,1,0,0,0,1,0,1.02
0,0.09,5000,0,1,0,0,0,0,0.02
1,0.2,4000,0,0,0,0,0,0,0
0,0.2,5500,1,0,0,0,0,1,0.47
0,0.25,2550,1,0,0,0,0,0,0.67
0,0.09,1000,0,1,0,0,0,0,0.02
0,0.16,3000,1,0,0,0,1,0,0.96
0,0.08,2500,0,1,0,0,0,0,0.47
0,0.23,15000,0,0,0,0,1,0,0.86
0,0.26,2864,0,0,0,0,0,0,0.71
0,0.29,1300,0,0,0,0,0,0,0.55
0,0.2,10000,0,0,0,0,1,0,0.35
0,0.14,4500,1,0,0,1,0,0,0.76
0,0.19,19250,0,0,0,1,0,0,0.88
0,0.2,8000,0,0,0,0,0,1,0.92
0,0.28,2250,0,0,0,0,0,0,0.57
0,0.16,3500,0,0,0,0,1,0,0
0,0.12,9000,0,0,1,0,0,0,0.12
0,0.18,8000,0,0,0,0,1,0,0.35
0,0.26,1500,0,0,0,0,0,0,0
0,0.15,3000,0,0,0,0,1,0,0.27
0,0.28,12000,0,0,0,0,0,0,0
0,0.24,2800,0,0,0,0,0,0,0
0,0.15,6500,0,0,0,0,1,0,0.9
0,0.28,3500,1,0,0,0,0,0,0.94
0,0.2,12000,0,0,0,0,1,0,0.95
0,0.12,17000,0,1,0,0,0,0,0.19
0,0.14,7500,0,0,1,0,0,0,0.14
0,0.18,7500,1,0,0,0,0,1,0.96
0,0.23,12000,0,0,0,0,0,1,0.79
0,0.29,2550,0,0,0,0,0,0,1.16
0,0.22,6001,0,0,0,0,0,1,0.01
0,0.19,7500,0,0,0,0,0,1,0.8
1,0.29,3550,0,0,0,0,0,0,0
0,0.23,21000,0,0,0,1,0,0,0
0,0.18,10000,0,0,0,0,1,0,0.96
0,0.14,2690,1,0,0,0,1,0,0.69
0,0.15,4000,0,0,0,0,1,0,0.72
0,0.18,9500,1,0,1,0,0,0,0.36
1,0.21,13500,0,0,0,0,1,0,0.82
0,0.15,5500,0,0,0,0,1,0,0.28
0,0.27,2000,1,0,0,0,0,0,0
0,0.23,3000,0,0,0,0,0,0,0.86
0,0.09,3001,0,1,0,0,0,0,0.34
1,0.25,9000,0,0,0,0,0,1,0.78
0,0.17,3500,0,0,0,0,0,0,0.96
0,0.22,6001,0,0,0,0,0,0,0.25
0,0.29,4000,0,0,0,0,0,0,2.68
0,0.27,1000,0,0,0,0,0,0,0
1,0.25,3001,1,0,0,0,0,1,0.84
0,0.09,5000,0,0,1,0,0,0,0
1,0.29,2700,0,0,0,0,0,0,0.47
0,0.23,3500,1,0,0,0,0,1,0.95
0,0.09,1000,0,0,1,0,0,0,0.6
0,0.18,5600,0,0,0,0,1,0,0.33
0,0.27,7000,0,0,0,0,1,0,0.71
0,0.16,8000,1,0,0,0,1,0,0.59
0,0.22,12800,0,0,1,0,0,0,0
0,0.29,5000,0,0,0,0,0,1,0.77
0,0.2,3000,0,0,0,0,1,0,0.62
0,0.15,3000,0,1,0,0,0,0,0.08
0,0.08,2750,0,1,0,0,0,0,0.01
0,0.29,2000,0,0,0,0,0,0,0
0,0.14,8000,0,0,1,0,0,0,0.44
0,0.24,5000,0,0,0,0,0,1,0.67
0,0.21,15000,0,0,0,0,1,0,0.24
0,0.11,7500,0,1,0,0,0,0,0
0,0.17,5000,0,0,0,0,0,1,0.97
0,0.29,4000,1,0,0,0,0,0,0.16
0,0.15,8500,0,0,0,1,0,0,0.22
1,0.22,15000,0,0,0,0,1,0,0
0,0.19,1000,1,0,0,0,0,0,0
0,0.2,5000,0,0,0,0,0,0,0.87
0,0.29,3000,0,0,0,0,0,0,1.01
0,0.14,25000,0,1,0,0,0,0,0.58
0,0.11,3500,0,1,0,0,0,0,0.1
0,0.24,1000,0,0,0,0,0,0,0
0,0.2,7500,0,0,0,0,0,1,0
0,0.07,1500,1,0,0,0,0,0,0.91
0,0.25,3000,0,0,0,0,0,0,0
0,0.19,9000,0,0,0,0,1,0,0.76
0,0.17,4800,0,0,0,0,1,0,0.88
0,0.25,3000,0,0,0,0,0,0,0.97
0,0.07,2500,1,1,0,0,0,0,0.06
0,0.11,10000,1,1,0,0,0,0,0.23
1,0.29,20000,1,0,0,0,0,1,0.87
1,0.29,3000,1,0,0,0,0,0,0.4
0,0.29,6000,0,0,0,0,0,0,0
1,0.21,4000,1,0,0,0,0,1,0.91
0,0.09,1000,0,0,1,0,0,0,0
0,0.2,2000,0,0,0,0,0,1,0
0,0.25,15000,1,0,0,0,0,1,1.04
0,0.15,12000,0,0,1,0,0,0,0.43
0,0.2,20000,1,0,0,0,1,0,0.2
0,0.1,2000,0,1,0,0,0,0,0
0,0.18,2000,0,0,0,0,0,1,0
1,0.29,2700,0,0,0,0,0,0,0
0,0.16,5000,1,0,0,0,1,0,0.69
0,0.1,7500,0,1,0,0,0,0,0
0,0.19,5000,0,0,0,0,0,0,0.97
0,0.23,15000,0,0,0,0,1,0,0.77
0,0.07,2550,0,1,0,0,0,0,0.44
0,0.17,6300,0,0,0,0,1,0,0.41
0,0.29,1000,1,0,0,0,0,0,1
0,0.09,5000,1,1,0,0,0,0,0
0,0.15,25000,0,0,1,0,0,0,0
0,0.17,1500,0,0,0,0,0,0,0.77
1,0.22,15000,0,0,0,0,0,1,0.83
0,0.21,3000,1,0,0,0,0,1,0.97
0,0.25,3000,0,0,0,0,0,0,0.62
0,0.17,7000,0,0,0,1,0,0,0.51
0,0.22,20000,0,0,0,0,0,1,0.92
0,0.14,22000,0,0,1,0,0,0,0.71
0,0.21,20000,0,0,0,1,0,0,0.01
0,0.1,7000,0,1,0,0,0,0,0.51
0,0.08,1000,0,0,1,0,0,0,0.33
0,0.12,22000,0,1,0,0,0,0,0.37
0,0.25,9000,0,0,0,0,1,0,0.42
1,0.2,2500,0,0,0,0,1,0,1
0,0.27,3000,0,0,0,0,0,0,0.98
0,0.19,4000,0,0,0,0,0,1,0.9
0,0.1,4500,0,0,1,0,0,0,0.69
1,0.28,5200,1,0,0,0,0,0,0.92
0,0.09,1000,0,1,0,0,0,0,0.18
0,0.07,1000,0,1,0,0,0,0,0
0,0.23,3000,0,0,0,0,0,0,0.89
0,0.27,2550,0,0,0,0,0,0,0.98
1,0.27,1700,1,0,0,0,0,0,0
0,0.2,6500,0,0,0,0,0,1,0.74
1,0.29,2500,1,0,0,0,0,0,1.84
0,0.23,1300,0,0,0,0,0,1,0.43
0,0.1,7500,0,1,0,0,0,0,0.2
1,0.26,3675,0,0,0,0,0,0,0.85
1,0.22,5000,0,0,0,0,0,0,0.86
0,0.25,1500,0,0,0,0,0,0,0
0,0.2,5950,0,0,0,0,1,0,0.74
0,0.2,7500,0,0,0,0,1,0,0.74
0,0.17,5000,0,0,0,1,0,0,0.15
0,0.22,1500,1,0,0,0,0,0,1
0,0.11,1550,0,0,0,0,0,1,0.95
0,0.17,5000,0,0,0,0,1,0,0.61
0,0.15,15000,0,1,0,0,0,0,0.16
0,0.29,13531,0,0,0,0,0,1,0.82
0,0.1,14000,0,1,0,0,0,0,0.26
0,0.11,2000,0,0,0,1,0,0,0.75
0,0.14,4575,0,0,0,0,1,0,0.6
0,0.2,2000,1,0,0,0,0,1,0
0,0.24,1000,1,0,0,0,0,0,0.98
0,0.11,25000,0,1,0,0,0,0,0.35
0,0.14,4500,0,1,0,0,0,0,0
0,0.28,6000,0,0,0,0,0,0,0.86
1,0.29,3000,1,0,0,0,0,0,0
1,0.29,2500,0,0,0,0,0,0,0.85
0,0.19,7000,0,0,0,0,1,0,1
0,0.17,6500,1,0,0,0,1,0,0.33
0,0.14,14500,0,0,1,0,0,0,0.48
0,0.2,11000,0,0,0,0,1,0,0.44
0,0.26,2600,0,0,0,0,0,1,0.73
0,0.09,2500,0,1,0,0,0,0,0.09
0,0.2,9500,1,1,0,0,0,0,0.65
0,0.24,3500,0,0,0,0,0,0,0.94
0,0.11,18000,0,1,0,0,0,0,0.46
0,0.1,10000,0,1,0,0,0,0,0.18
0,0.17,18000,0,0,0,1,0,0,0.22
0,0.15,4000,0,0,0,0,0,1,1
0,0.15,2500,0,0,0,0,1,0,0.24
0,0.22,6001,0,0,0,0,0,1,0.69
0,0.29,25000,0,0,0,0,1,0,0.11
0,0.08,1000,0,0,1,0,0,0,0.78
0,0.29,3000,0,0,0,0,0,0,0
0,0.29,5000,1,0,0,0,0,0,1.02
0,0.18,1000,1,0,0,0,0,1,0.61
0,0.16,25000,0,0,1,0,0,0,0.63
1,0.29,2500,0,0,0,0,0,0,1.09
0,0.29,6000,0,0,0,0,0,0,1.12
0,0.29,5000,0,0,0,0,0,0,0
0,0.2,6001,0,0,1,0,0,0,0
0,0.28,4000,0,0,0,0,0,0,0
0,0.09,4800,0,1,0,0,0,0,0.12
0,0.14,5000,0,0,0,1,0,0,0.34
0,0.22,12500,0,0,0,0,1,0,0.96
0,0.22,5400,0,0,0,0,0,1,0.63
0,0.17,15000,1,0,1,0,0,0,0
1,0.29,1000,1,0,0,0,0,0,1
1,0.23,4500,1,0,0,0,0,1,0
1,0.18,7500,0,0,0,0,1,0,0
0,0.24,4100,1,0,0,0,0,0,0.91
0,0.11,5000,0,0,1,0,0,0,0.46
0,0.2,3500,0,0,0,0,0,1,0.8
0,0.29,5000,0,0,0,0,0,1,1
0,0.11,12000,0,0,1,0,0,0,0.41
1,0.29,3500,0,0,0,0,0,0,0
0,0.09,5000,0,0,1,0,0,0,0.54
0,0.17,25000,0,0,0,1,0,0,0.78
0,0.19,8750,0,0,0,0,0,1,0.73
0,0.15,2000,0,0,0,1,0,0,0.02
1,0.2,8500,0,0,0,1,0,0,0.48
0,0.15,2500,0,0,0,0,0,1,1.01
0,0.29,2501,1,0,0,0,0,0,0
0,0.17,7100,0,0,0,0,0,1,0.95
0,0.15,3500,0,0,1,0,0,0,0.32
0,0.25,4000,1,0,0,0,0,0,0.99
0,0.12,15000,0,0,1,0,0,0,0.55
0,0.29,6000,0,0,0,0,0,0,0.84
0,0.18,12000,0,0,1,0,0,0,0.57
0,0.08,2500,0,1,0,0,0,0,0.06
0,0.09,5000,0,1,0,0,0,0,0
0,0.15,2200,1,0,0,0,1,0,0
0,0.25,1500,1,0,0,0,0,0,0
1,0.29,12000,1,0,0,0,0,0,0
0,0.11,1850,0,0,0,0,1,0,0.86
0,0.12,25000,0,1,0,0,0,0,0.01
0,0.29,3000,1,0,0,0,0,0,0
0,0.15,10000,0,0,0,1,0,0,0.68
0,0.25,8000,1,0,0,0,0,1,0.48
0,0.29,5500,0,0,0,0,0,1,0.41
0,0.2,10000,0,0,0,0,1,0,0.87
0,0.13,9000,0,0,0,1,0,0,0.86
0,0.29,5000,0,0,0,0,0,0,0.72
0,0.12,25000,1,1,0,0,0,0,0
0,0.11,12000,0,0,1,0,0,0,0.47
0,0.25,9900,0,0,0,1,0,0,0.37
0,0.27,7500,0,0,0,0,0,0,0.94
0,0.28,15000,0,0,0,1,0,0,0.93
1,0.15,3500,1,0,0,0,1,0,0.89
0,0.07,6500,0,0,0,0,0,0,0.75
0,0.29,4750,1,0,0,0,0,0,1.19
0,0.15,9900,0,0,0,1,0,0,0.72
0,0.23,9600,0,0,0,0,0,1,0.94
0,0.17,10000,0,0,0,1,0,0,0.05
0,0.18,8000,0,0,0,0,1,0,0.23
0,0.1,2000,0,1,0,0,0,0,0
0,0.18,3001,0,0,0,0,0,0,1
1,0.17,25000,1,0,1,0,0,0,0.02
0,0.15,1000,1,0,0,1,0,0,0.55
0,0.2,10000,1,0,0,0,0,1,0.89
0,0.15,5000,0,0,0,1,0,0,5.95
0,0.11,1500,0,0,0,1,0,0,0.2
0,0.2,2550,0,1,0,0,0,0,0
0,0.25,15000,0,0,0,0,1,0,0.83
0,0.16,10000,1,0,0,0,1,0,0.83
1,0.25,5100,0,0,0,0,0,0,1.02
0,0.14,3000,0,0,0,0,1,0,0.35
0,0.15,14700,0,1,0,0,0,0,0.37
0,0.29,7000,1,0,0,0,0,0,0.64
0,0.28,25000,1,0,0,0,1,0,0.75
0,0.24,1000,1,0,0,0,0,0,0.29
0,0.12,25000,0,1,0,0,0,0,0.17
0,0.29,4000,1,0,0,0,0,0,1.14
0,0.15,4000,0,0,0,0,0,0,0.84
0,0.11,10121,0,1,0,0,0,0,0
0,0.1,4000,1,0,1,0,0,0,0.43
0,0.21,6250,0,0,0,0,1,0,0
0,0.2,5000,0,0,0,0,0,0,0.95
0,0.1,4500,0,1,0,0,0,0,0.04
0,0.17,4500,0,0,0,0,0,1,0.89
0,0.09,6100,0,0,1,0,0,0,0.48
0,0.19,15000,1,0,1,0,0,0,0.41
0,0.29,7000,1,0,0,0,0,1,0.91
0,0.29,4000,0,0,0,0,0,0,0.98
0,0.23,2500,0,0,0,0,0,1,0.79
0,0.15,3010,0,1,0,0,0,0,0.34
0,0.2,1000,0,0,0,0,0,0,0.91
0,0.15,5000,0,0,1,0,0,0,0.53
0,0.26,12000,0,0,0,0,0,1,0.59
0,0.14,10000,0,0,0,0,1,0,0.65
0,0.17,2000,0,0,0,0,1,0,0.73
0,0.2,24000,0,0,0,0,1,0,0.76
0,0.23,8200,0,0,0,0,1,0,0.44
0,0.18,13000,0,0,0,1,0,0,0.95
0,0.16,10000,0,1,0,0,0,0,0.35
1,0.15,1500,1,0,0,0,1,0,0.42
0,0.29,3500,1,0,0,0,0,0,0
0,0.1,2000,0,1,0,0,0,0,0
0,0.1,7500,0,1,0,0,0,0,0.13
0,0.29,12000,1,0,0,0,0,1,0.97
0,0.25,15000,0,0,0,0,1,0,0
0,0.28,1000,0,0,0,0,0,0,0
0,0.29,20000,0,0,0,0,1,0,0.04
0,0.1,5000,0,1,0,0,0,0,0.11
0,0.23,5000,0,0,0,0,0,1,0
0,0.26,9000,1,0,0,0,0,0,0.83
0,0.29,12500,0,0,0,0,0,1,0.96
0,0.08,2000,0,1,0,0,0,0,0.15
0,0.3,3000,0,0,0,0,0,1,1.03
0,0.09,9000,0,1,0,0,0,0,0.37
0,0.16,3500,0,0,0,1,0,0,0.53
0,0.15,10000,0,0,0,0,1,0,0.41
0,0.25,3001,0,0,0,0,0,1,1.02
0,0.25,9000,0,0,0,0,0,0,0.86
0,0.15,5000,0,0,0,0,1,0,0.64
0,0.29,2550,0,0,0,0,0,0,0.98
0,0.26,1000,1,0,0,0,0,0,0.33
1,0.26,5000,0,0,0,0,0,0,0
0,0.11,9000,0,0,1,0,0,0,0.33
0,0.21,1000,0,0,0,0,0,1,0.42
0,0.29,2000,1,0,0,0,0,0,0
0,0.15,2000,0,0,0,0,0,1,0.5
1,0.28,4000,0,0,0,0,0,0,0
0,0.12,3000,0,0,0,1,0,0,0.98
0,0.16,25000,0,0,0,1,0,0,0.78
0,0.24,1000,0,0,0,0,0,1,0
0,0.19,3000,0,0,0,0,1,0,0.97
0,0.17,3000,0,0,0,0,0,0,0
0,0.22,3200,0,0,0,0,0,1,0
0,0.18,5000,0,0,0,0,0,1,0.99
0,0.27,15000,1,0,0,0,0,0,0.96
1,0.24,4000,0,0,0,0,0,0,1
0,0.21,9800,0,0,0,0,0,1,0.7
0,0.2,1100,0,0,0,0,0,0,0
0,0.19,6001,0,0,0,0,0,1,0.05
0,0.29,2100,0,0,0,0,0,0,0
0,0.11,8000,0,0,1,0,0,0,0.06
0,0.24,3500,0,0,0,0,1,0,0
0,0.11,2500,0,0,0,1,0,0,0.33
0,0.25,6500,0,0,0,0,0,1,0.64
0,0.25,6000,0,0,0,0,0,1,0.11
0,0.11,5000,1,0,0,0,0,0,0
0,0.1,6001,0,1,0,0,0,0,0.41
0,0.17,6000,0,0,0,0,1,0,0.82
0,0.17,15000,1,0,0,1,0,0,0.41
0,0.07,2000,0,0,0,0,1,0,0.39
1,0.29,2500,1,0,0,0,0,0,0.89
0,0.28,3000,0,0,0,0,0,0,0.98
0,0.25,10000,0,0,0,1,0,0,0.93
0,0.15,5000,0,0,0,0,1,0,0.46
0,0.2,7000,0,0,0,0,1,0,0.59
0,0.14,22000,0,0,0,1,0,0,0.77
0,0.24,5000,0,0,0,1,0,0,0.7
0,0.24,20000,1,0,0,0,1,0,0.88
0,0.1,4500,0,0,1,0,0,0,0.4
0,0.29,10000,0,0,0,0,0,1,0.51
1,0.29,1800,0,0,0,0,0,0,1.11
0,0.29,2600,1,0,0,0,0,0,0
0,0.18,25000,0,0,1,0,0,0,0
0,0.28,3001,0,0,0,0,0,0,0
0,0.2,5000,0,0,0,1,0,0,0
0,0.17,4000,0,0,0,1,0,0,0.73
0,0.24,10000,1,0,0,0,1,0,0
0,0.26,5000,0,0,0,0,0,1,0.61
0,0.12,9000,0,0,0,1,0,0,0.43
0,0.17,4990,0,0,0,0,1,0,0.9
0,0.13,9500,0,0,1,0,0,0,0.27
0,0.07,1000,0,1,0,0,0,0,0.09
0,0.29,6000,1,0,0,0,0,1,0
0,0.24,15000,0,0,0,0,1,0,0.85
0,0.11,12000,0,1,0,0,0,0,0.02
0,0.12,12000,0,1,0,0,0,0,0
0,0.21,10001,0,0,0,0,0,1,0.69
0,0.26,7000,0,0,0,0,0,1,0.58
0,0.09,5000,0,1,0,0,0,0,0
0,0.17,25000,0,0,0,1,0,0,0.89
0,0.24,2350,0,0,0,0,0,0,1.37
0,0.15,1500,0,0,0,0,1,0,0.77
0,0.24,3000,0,0,0,0,0,0,0.4
0,0.2,3000,0,0,0,0,1,0,1
0,0.15,3000,0,0,0,0,1,0,0.96
0,0.14,5000,0,0,0,0,1,0,0.84
0,0.25,10700,0,0,0,0,0,0,0
0,0.1,8300,0,1,0,0,0,0,0.05
0,0.17,5000,1,0,0,1,0,0,0.28
0,0.15,4999,0,0,0,0,1,0,0.89
0,0.11,9000,1,0,1,0,0,0,0.85
0,0.21,12000,1,0,0,0,1,0,0.98
0,0.13,10000,0,1,0,0,0,0,0.12
0,0.14,7500,1,0,0,1,0,0,0.54
0,0.25,7500,1,0,0,0,0,0,0.76
0,0.29,7000,1,0,0,0,0,0,0.27
0,0.16,5000,0,0,0,0,1,0,0
0,0.16,8000,0,0,0,1,0,0,0.9
0,0.2,5000,1,0,1,0,0,0,0.72
0,0.21,25000,0,0,0,0,1,0,0.99
1,0.25,25000,0,0,1,0,0,0,0.87
0,0.22,18200,1,0,0,0,1,0,0.8
0,0.1,4500,0,1,0,0,0,0,0.15
0,0.29,25000,0,1,0,0,0,0,0.44
0,0.15,2500,1,0,0,0,1,0,0.9
0,0.2,6000,1,0,0,0,1,0,0.25
0,0.15,15000,1,0,0,0,1,0,0.72
0,0.2,13000,0,0,0,0,1,0,0.9
0,0.24,10000,0,0,0,1,0,0,0.97
0,0.24,1800,0,0,0,0,0,0,1.18
0,0.1,1000,0,1,0,0,0,0,0.24
0,0.18,6000,0,0,0,0,1,0,0.75
0,0.25,3000,1,0,0,0,0,0,0.93
0,0.29,20000,0,0,0,0,0,1,0.61
0,0.2,1000,1,0,0,0,1,0,0.42
0,0.25,15000,0,0,0,0,0,1,0.79
0,0.23,8000,1,0,0,0,1,0,0
0,0.2,5500,0,0,0,0,0,1,0.8
0,0.11,10000,0,1,0,0,0,0,0.37
0,0.18,4800,0,0,0,0,1,0,0.89
0,0.25,4000,0,0,0,0,0,1,0.45
0,0.29,1800,0,0,0,0,0,0,0.98
0,0.17,9000,0,0,0,0,0,0,1
0,0.13,10000,0,0,1,0,0,0,0.15
0,0.18,2800,0,0,0,0,1,0,0.38
0,0.29,12000,0,0,0,0,0,1,0.91
0,0.2,5200,1,0,0,0,0,1,0.77
0,0.14,9900,0,1,0,0,0,0,0.02
0,0.11,1253,0,0,1,0,0,0,0.73
0,0.17,3600,1,0,0,0,0,1,0.76
0,0.19,10300,0,0,0,1,0,0,0.38
0,0.24,17500,0,0,0,0,0,1,0.15
0,0.07,1000,0,1,0,0,0,0,0.02
0,0.23,8000,1,0,0,0,0,1,0.74
0,0.11,1500,0,0,0,1,0,0,0.39
0,0.2,5000,0,0,0,0,0,1,0.43
0,0.17,5000,0,0,0,0,0,1,0.34
0,0.13,5000,0,0,0,1,0,0,0.95
0,0.11,1200,0,0,0,0,0,0,0.87
0,0.15,1000,0,0,1,0,0,0,0.27
0,0.29,3000,0,0,0,0,0,0,0.36
0,0.24,10000,0,0,0,0,0,1,0.57
1,0.25,5000,0,0,0,0,1,0,0.76
0,0.29,10000,0,0,0,0,0,0,0.47
0,0.16,8000,0,0,0,1,0,0,0.66
0,0.17,11000,0,0,0,0,1,0,0.61
0,0.29,3000,0,0,0,0,0,0,0.85
0,0.17,1000,1,0,0,0,0,1,0.59
0,0.29,5000,0,0,0,0,0,0,0.32
0,0.29,1500,0,0,0,0,0,0,0.51
0,0.27,4700,0,0,0,0,0,1,0
0,0.09,3500,0,1,0,0,0,0,0.14
0,0.2,3500,0,0,0,0,0,1,0.51
0,0.17,3500,0,0,0,0,0,0,0.76
0,0.29,7000,0,0,0,0,0,0,0
0,0.17,7000,0,0,0,1,0,0,0.67
0,0.29,3500,0,0,0,0,0,0,0.88
0,0.12,4000,0,0,0,1,0,0,0.43
0,0.17,3800,0,0,0,0,1,0,0.7
0,0.11,6100,0,0,0,1,0,0,0.76
0,0.29,20000,0,0,0,0,1,0,0.89
0,0.29,2400,0,0,0,0,0,0,0.87
0,0.11,3500,1,0,1,0,0,0,0.18
0,0.24,2000,0,0,0,0,0,0,1.02
0,0.29,9000,1,0,0,0,0,1,0.95
0,0.11,1600,0,0,0,1,0,0,0.9
0,0.18,10000,0,0,0,1,0,0,0.66
0,0.15,18000,0,0,0,1,0,0,0.61
0,0.13,4950,0,0,0,1,0,0,0
0,0.29,4531,0,0,0,0,0,0,0
0,0.15,5000,0,0,0,0,1,0,0.7
0,0.16,3500,1,0,0,0,1,0,0
0,0.29,4600,0,0,0,0,0,0,0.9
0,0.28,3001,0,0,0,0,0,0,0.75
0,0.25,4000,0,0,0,0,1,0,0.46
0,0.17,2000,0,0,0,0,0,1,0
0,0.19,2750,0,0,0,0,1,0,0
0,0.12,10000,0,0,1,0,0,0,0.58
0,0.2,5000,0,0,0,0,0,1,0.7
0,0.26,2550,1,0,0,0,0,0,0.51
0,0.25,2000,1,0,0,0,0,0,1.4
0,0.11,3000,0,0,0,1,0,0,0.89
0,0.1,1000,0,0,1,0,0,0,0.2
0,0.09,1000,0,1,0,0,0,0,0.18
0,0.29,3500,0,0,0,0,0,0,1.01
0,0.09,2000,0,1,0,0,0,0,0.06
1,0.23,1750,1,0,0,0,0,0,0
0,0.19,6500,0,0,0,0,1,0,0.7
0,0.11,1000,1,0,0,0,1,0,0.97
1,0.27,2400,0,0,0,0,0,0,0
0,0.23,2600,0,0,0,0,0,0,0.5
1,0.23,6001,1,0,0,0,0,0,0.85
0,0.19,19900,0,0,0,0,1,0,0.75
1,0.29,20000,0,0,0,0,1,0,1.03
0,0.15,3600,0,0,1,0,0,0,0.28
0,0.19,7500,0,0,0,0,0,1,0.98
0,0.23,6001,0,0,0,0,1,0,0.42
0,0.2,15000,0,0,0,0,0,1,0.93
0,0.18,3000,1,0,0,0,0,1,0.95
0,0.25,5000,0,0,0,0,1,0,0.52
0,0.15,1500,1,0,0,0,0,1,0.85
0,0.29,4500,0,0,0,0,0,0,0.91
0,0.11,7000,0,1,0,0,0,0,0
0,0.11,20000,1,1,0,0,0,0,0.87
0,0.2,3000,1,0,0,0,0,1,0.62
0,0.15,4500,0,0,1,0,0,0,0.96
0,0.15,3800,0,0,0,1,0,0,0.2
0,0.22,2500,1,0,0,0,0,1,0.63
0,0.17,2400,0,0,0,0,0,1,0.86
0,0.23,7100,0,0,1,0,0,0,0.27
0,0.15,2000,0,0,0,1,0,0,0
0,0.08,3000,0,1,0,0,0,0,0
0,0.09,5000,0,0,1,0,0,0,0.08
0,0.1,6500,0,1,0,0,0,0,0.69
0,0.15,2000,0,0,0,0,0,1,0.87
0,0.29,2525,0,0,0,0,0,1,0
0,0.29,5000,0,0,0,0,0,0,0.75
0,0.15,9500,0,0,0,1,0,0,0.94
0,0.29,7400,0,0,0,0,0,0,0
0,0.2,2500,0,0,0,0,0,0,0
0,0.1,2550,0,0,1,0,0,0,0.58
0,0.08,3500,0,1,0,0,0,0,0
1,0.29,2000,1,0,0,0,0,0,0
0,0.22,25000,0,0,0,0,1,0,0.7
0,0.24,4000,0,0,0,0,0,1,0.63
0,0.11,5000,0,1,0,0,0,0,0
0,0.25,14000,0,0,0,0,0,1,0.8
1,0.13,7500,0,0,0,1,0,0,0.92
1,0.29,3100,0,0,0,0,0,0,1
0,0.14,8000,0,0,0,1,0,0,0.74
0,0.22,2000,1,0,0,0,0,1,0.84
0,0.11,8000,0,0,1,0,0,0,0.32
0,0.21,5000,0,0,0,0,1,0,0.85
0,0.15,12000,1,0,0,1,0,0,0.53
0,0.25,8500,0,0,0,0,0,0,0.86
0,0.2,25000,0,0,0,1,0,0,0
0,0.23,6500,0,0,0,0,0,1,0.75
0,0.11,13000,0,0,1,0,0,0,0.82
0,0.17,1550,0,0,0,0,0,0,0.95
0,0.21,7500,0,0,0,0,1,0,0.68
1,0.26,6000,1,0,0,0,0,0,0
0,0.23,6001,0,0,0,0,0,1,0.81
0,0.24,3000,0,0,0,0,0,0,0.56
0,0.19,1100,1,0,0,0,0,0,1
0,0.15,3500,0,0,0,0,1,0,0.9
0,0.15,3000,0,0,0,0,0,0,0.91
0,0.22,25000,0,0,1,0,0,0,0.83
0,0.15,20000,0,0,0,1,0,0,0.75
0,0.07,3000,1,1,0,0,0,0,0.09
0,0.23,9500,0,0,0,0,0,1,0.53
0,0.17,5500,0,0,0,0,1,0,0.91
0,0.28,11000,0,0,0,0,0,0,0.84
0,0.16,4000,0,0,0,0,1,0,0.8
0,0.23,7200,0,0,0,0,0,0,1.12
0,0.26,2200,0,0,0,0,0,0,0.97
0,0.17,3000,0,0,0,0,0,0,1.12
0,0.29,2501,0,0,0,0,0,0,1.07
0,0.1,1500,0,0,1,0,0,0,0.89
0,0.17,3650,0,0,0,0,0,1,0.85
0,0.23,15000,0,0,0,0,1,0,0.96
1,0.29,3600,1,0,0,0,0,0,0
0,0.2,6500,1,0,0,0,0,0,1.06
1,0.29,25000,1,0,0,0,0,0,0.96
0,0.16,2000,1,0,0,0,1,0,0.41
0,0.29,3001,0,0,0,0,0,0,0.84
0,0.19,15000,1,0,0,1,0,0,0.94
0,0.2,1000,0,0,0,0,0,0,0.9
0,0.29,1000,1,0,0,0,0,0,1.09
0,0.11,15152,0,0,1,0,0,0,0.6
0,0.17,20000,1,0,0,1,0,0,0.55
0,0.29,4000,1,0,0,0,0,0,0.92
0,0.13,2550,0,0,0,1,0,0,0.53
0,0.11,1200,0,0,0,0,0,0,1
0,0.25,5000,1,0,0,0,0,0,1.1
0,0.12,4000,0,0,0,1,0,0,0
0,0.23,3500,1,0,0,0,1,0,0.96
0,0.11,5000,0,0,1,0,0,0,0.12
0,0.17,15000,1,0,0,1,0,0,0.98
0,0.24,8000,1,0,0,0,0,0,0.93
0,0.22,6001,1,0,0,0,1,0,0.22
0,0.29,1000,1,0,0,0,0,0,0.67
0,0.23,10000,0,0,0,0,0,1,0
0,0.21,10000,0,0,1,0,0,0,0.72
0,0.1,5000,0,0,1,0,0,0,1.13
0,0.15,9800,0,0,0,1,0,0,0.94
0,0.26,10000,0,0,0,0,0,1,0.88
0,0.09,2500,1,1,0,0,0,0,0.24
0,0.16,2000,0,0,0,0,1,0,0.89
0,0.15,5000,1,0,0,0,0,1,0.6
0,0.17,4000,0,0,0,0,1,0,0.78
0,0.15,7000,0,0,1,0,0,0,0
0,0.24,4500,0,0,0,0,0,1,0.6
0,0.07,2550,0,1,0,0,0,0,0.01
0,0.18,12000,0,0,0,1,0,0,0.93
0,0.18,5000,0,0,0,0,0,1,0.5
0,0.2,5000,0,0,0,0,0,1,0.64
0,0.1,2550,0,1,0,0,0,0,0.02
0,0.11,1000,0,0,0,0,0,0,0.97
0,0.29,25000,0,0,0,0,0,1,0.52
0,0.18,25000,0,0,1,0,0,0,0.6
0,0.25,7900,0,0,0,0,1,0,0.68
0,0.29,6000,1,0,0,0,0,0,0.77
0,0.25,2000,0,0,0,0,0,1,0.19
0,0.08,1000,0,1,0,0,0,0,0.05
0,0.23,5000,0,0,0,0,0,1,0.37
0,0.24,2000,1,0,0,0,0,0,0.93
0,0.1,6000,0,1,0,0,0,0,0.51
0,0.29,3800,0,0,0,0,0,0,0.96
0,0.13,15000,0,0,0,1,0,0,0
0,0.29,4000,0,0,0,0,0,1,0.8
0,0.2,10000,0,0,0,0,1,0,0.79
0,0.14,6000,0,1,0,0,0,0,0.03
0,0.2,1800,0,0,0,0,0,0,0.61
0,0.26,1000,0,0,0,0,0,0,0
1,0.29,7900,1,0,0,0,0,0,0.99
0,0.15,5600,0,0,1,0,0,0,0.07
0,0.22,6001,0,0,0,0,0,1,0
0,0.29,4000,0,0,0,0,0,0,1
0,0.18,9200,0,0,0,0,1,0,0.71
0,0.25,15000,0,0,0,0,1,0,0.45
0,0.11,4000,0,0,0,1,0,0,0
0,0.23,10000,0,0,0,0,0,1,0.67
0,0.19,20000,1,0,0,1,0,0,0.82
0,0.18,5000,0,0,0,1,0,0,0.92
1,0.23,6001,1,0,0,0,0,1,0.92
0,0.29,25000,0,0,0,0,0,0,0.98
0,0.15,9500,0,0,0,1,0,0,0.39
0,0.2,4100,1,0,0,0,0,1,0.8
0,0.24,10000,1,0,0,0,0,1,0.73
0,0.29,25000,1,0,0,0,0,1,0.42
0,0.21,4000,0,0,0,0,0,1,0
0,0.2,17850,0,0,0,0,1,0,0.43
1,0.24,1200,0,0,0,0,0,0,1.09
0,0.1,8000,0,0,1,0,0,0,0.21
0,0.22,3600,0,0,0,0,0,1,0.57
0,0.16,10000,0,0,0,1,0,0,0.11
0,0.18,12000,1,0,0,0,1,0,0.68
0,0.29,4000,1,0,0,0,0,0,0.98
0,0.13,13000,0,0,0,1,0,0,0.81
0,0.19,9750,0,0,0,1,0,0,0.78
0,0.1,3885,0,0,1,0,0,0,0.38
0,0.17,4900,0,0,0,0,0,1,0.13
0,0.11,10500,0,1,0,0,0,0,0.16
0,0.29,5200,0,0,0,0,0,0,0
0,0.12,3500,0,0,1,0,0,0,0.31
0,0.17,5500,0,0,0,0,1,0,0.07
1,0.29,23250,0,0,0,0,1,0,0.92
0,0.17,15000,0,0,0,1,0,0,0.52
0,0.11,10000,0,1,0,0,0,0,0.17
0,0.08,2300,0,1,0,0,0,0,0.18
0,0.22,12150,0,0,0,0,0,1,0
1,0.29,3000,1,0,0,0,0,0,0
0,0.18,25000,0,0,0,1,0,0,0.69
1,0.29,10000,0,0,0,0,0,0,1.13
0,0.22,8500,0,0,0,0,0,1,0.93
0,0.29,7000,0,0,0,0,0,1,0.12
0,0.29,12000,1,0,0,0,1,0,0.18
0,0.12,1800,0,0,0,1,0,0,0.39
1,0.29,4000,0,0,0,0,0,0,0
0,0.29,5000,0,0,0,0,0,0,1
0,0.17,1000,0,0,0,0,0,0,0.89
0,0.09,4500,0,1,0,0,0,0,0.07
0,0.09,3500,0,0,1,0,0,0,0.67
0,0.18,20000,0,0,0,1,0,0,0.67
0,0.29,3975,0,0,0,0,0,0,0.97
0,0.07,1000,0,0,0,0,1,0,0.12
0,0.13,1000,1,0,0,0,1,0,0.7
0,0.15,15500,0,0,0,1,0,0,0.98
0,0.27,3500,1,0,0,0,0,0,1.09
0,0.21,7000,0,0,0,0,0,1,0.78
0,0.07,1500,1,1,0,0,0,0,0.07
0,0.22,6500,1,0,0,1,0,0,0
0,0.24,1000,0,0,0,0,0,0,0.92
0,0.29,3442,0,0,0,0,0,0,0.26
0,0.27,1800,1,0,0,0,0,0,0.1
0,0.1,1425,0,1,0,0,0,0,0
0,0.24,9000,0,0,0,0,0,1,1.03
0,0.1,2750,0,1,0,0,0,0,0.37
1,0.29,2550,1,0,0,0,0,0,0
0,0.15,14000,0,0,0,1,0,0,0.69
0,0.09,2000,0,1,0,0,0,0,0.02
0,0.19,18000,0,0,0,0,1,0,0.76
0,0.12,3001,0,1,0,0,0,0,0.05
0,0.15,5000,0,0,0,0,1,0,0.85
0,0.17,1000,1,0,0,0,0,0,0.71
0,0.18,3000,1,0,0,0,1,0,0.93
0,0.29,2000,1,0,0,0,0,0,0.98
0,0.09,2500,0,1,0,0,0,0,0
0,0.24,9950,0,0,0,0,0,1,0
0,0.28,3500,0,0,0,0,0,0,0
0,0.2,24900,0,0,0,0,1,0,0.87
0,0.29,2550,1,0,0,0,0,0,0.76
0,0.15,2500,1,0,0,1,0,0,0.28
0,0.09,5500,1,0,1,0,0,0,0.48
0,0.18,7000,0,0,0,0,1,0,0.95
0,0.2,1990,1,0,0,0,0,1,1
0,0.19,5000,0,0,0,1,0,0,0.42
0,0.26,3001,1,0,0,0,0,0,1.01
0,0.29,16000,1,0,0,0,0,1,0
0,0.25,4500,1,0,0,0,0,0,0.93
0,0.15,25000,0,0,0,1,0,0,0.31
0,0.18,12000,0,0,0,1,0,0,0.54
0,0.19,10000,1,0,0,0,0,1,0.88
0,0.1,5000,0,0,1,0,0,0,0.43
0,0.26,7300,0,0,0,0,1,0,0
0,0.18,14000,0,0,0,0,1,0,0.28
0,0.09,2550,0,1,0,0,0,0,0.58
0,0.2,13000,0,0,0,1,0,0,1.01
0,0.29,3800,0,0,0,0,0,0,1
0,0.13,25000,0,1,0,0,0,0,0.1
0,0.19,25000,0,0,1,0,0,0,0.72
0,0.19,6600,0,0,0,0,1,0,0.27
0,0.12,6000,0,1,0,0,0,0,0.03
0,0.16,15000,0,0,0,1,0,0,0
0,0.15,10000,0,0,0,1,0,0,0.59
0,0.26,4500,0,0,0,0,0,0,0.96
0,0.12,7500,0,0,1,0,0,0,0.81
0,0.29,3000,0,0,0,0,0,0,0.98
0,0.19,25000,0,0,1,0,0,0,0.66
0,0.14,12000,1,0,1,0,0,0,0.37
0,0.24,25000,0,0,1,0,0,0,0
0,0.23,13100,0,0,0,0,0,1,0.71
0,0.17,15000,0,0,0,1,0,0,0.65
0,0.15,12000,0,1,0,0,0,0,0.45
0,0.15,25000,0,0,0,1,0,0,0.9
0,0.11,6475,0,1,0,0,0,0,0.1
0,0.26,7225,0,0,0,0,0,0,1.01
0,0.15,1000,0,0,1,0,0,0,0.16
0,0.17,5000,1,0,0,1,0,0,0.98
0,0.24,25000,0,0,0,1,0,0,0.85
0,0.19,6001,0,0,0,0,1,0,0.52
0,0.29,1000,0,0,0,0,0,0,0
0,0.24,3000,0,0,0,0,0,0,1
0,0.22,7500,0,0,0,0,0,1,0.92
0,0.29,10000,0,0,0,1,0,0,0.04
0,0.18,9999,0,0,0,0,1,0,0.97
0,0.29,5224,0,0,0,0,0,0,0.67
0,0.11,8000,0,0,1,0,0,0,0
0,0.17,9000,0,0,0,0,1,0,0.9
0,0.29,2550,0,0,0,0,0,0,0.99
0,0.2,9999,0,0,0,0,0,1,0.94
0,0.28,3200,0,0,0,0,0,1,0.93
0,0.14,8000,0,0,0,1,0,0,0.53
0,0.2,1500,0,0,0,0,0,1,0
0,0.12,10000,0,1,0,0,0,0,0.12
0,0.25,25000,0,0,1,0,0,0,0.18
0,0.29,25000,0,0,0,0,0,1,0.47
0,0.29,5000,0,0,0,0,0,0,0.97
0,0.29,7000,0,0,0,0,1,0,0
0,0.29,7500,0,0,0,0,0,0,0.35
0,0.14,3000,0,0,0,0,1,0,0.95
0,0.24,3000,0,0,0,0,0,0,0.92
0,0.29,3500,0,0,0,0,0,0,0
0,0.2,3500,0,0,0,0,0,1,1
0,0.19,3900,1,0,0,0,1,0,0
0,0.2,9000,1,0,0,0,0,1,1.01
0,0.25,15000,1,0,0,0,0,1,0.82
0,0.29,10000,1,0,0,0,0,0,0.9
0,0.18,20000,0,0,1,0,0,0,0.53
0,0.13,24250,0,1,0,0,0,0,0
0,0.25,1000,1,0,0,0,0,1,0.95
1,0.29,5000,0,0,0,0,0,0,0.6
0,0.29,8000,0,0,0,0,0,0,0.8
0,0.29,15000,0,0,0,0,0,0,0.98
1,0.29,5500,0,0,0,0,0,0,1.02
0,0.17,6000,0,0,0,0,1,0,0.6
0,0.17,1275,0,0,1,0,0,0,0.91
0,0.13,9900,0,0,0,1,0,0,0.86
0,0.2,2300,0,0,0,0,1,0,0.86
1,0.29,6000,0,0,0,0,0,1,0.43
0,0.2,4000,1,0,0,1,0,0,0.98
0,0.26,25000,1,0,0,1,0,0,0.09
0,0.2,3500,1,0,0,0,1,0,0.81
0,0.26,5000,0,0,0,0,0,0,0
0,0.29,4500,1,0,0,0,0,0,1.32
0,0.24,7500,1,0,0,0,0,1,0.82
0,0.26,1000,1,0,0,0,0,0,0
0,0.16,15000,0,1,0,0,0,0,0.46
0,0.29,5900,0,0,0,0,0,0,0.88
0,0.11,25000,1,1,0,0,0,0,0.09
0,0.29,5100,0,0,0,0,0,0,0.66
0,0.22,10001,1,0,0,0,0,1,0.81
0,0.24,3000,0,0,0,0,0,0,1.99
0,0.29,25000,0,0,0,0,0,0,1.31
1,0.29,1890,1,0,0,0,0,0,0
0,0.29,2550,1,0,0,0,0,0,0.93
0,0.15,1200,0,0,0,0,1,0,0.49
0,0.2,7000,0,0,0,0,1,0,0.28
0,0.29,2560,0,0,0,0,0,0,1
0,0.29,5000,1,0,0,0,0,1,0.75
0,0.11,25000,0,1,0,0,0,0,0.23
0,0.14,3210,0,0,0,1,0,0,0.08
0,0.26,25000,0,0,0,1,0,0,0.69
0,0.17,2000,1,0,0,0,0,0,0.97
0,0.23,15900,0,0,0,0,0,1,0.74
0,0.15,15000,0,0,0,1,0,0,0.63
0,0.18,15000,0,0,0,1,0,0,0.16
0,0.19,6000,0,0,0,1,0,0,0.5
0,0.25,14000,0,0,0,1,0,0,0.84
0,0.29,3000,1,0,0,0,0,0,0.74
0,0.19,5000,0,0,0,1,0,0,0.28
0,0.15,4500,1,0,0,0,1,0,0
0,0.29,3000,0,0,0,0,0,0,0
0,0.25,13000,0,0,0,0,0,1,0.74
0,0.24,3000,0,0,0,0,0,0,0.85
0,0.15,2890,1,0,0,0,0,1,0
0,0.24,4500,0,0,0,0,0,1,0.72
0,0.15,15152,0,0,0,1,0,0,0.85
0,0.29,15000,0,0,0,0,1,0,0.49
0,0.15,2500,0,0,0,0,0,1,0.44
0,0.24,5000,1,0,0,0,1,0,0.47
0,0.29,23800,0,0,0,0,1,0,0.5
0,0.2,2200,0,0,0,0,0,0,0.92
0,0.11,1500,0,1,0,0,0,0,0
0,0.23,8500,0,0,0,0,0,1,1
0,0.15,5000,0,0,0,1,0,0,0.17
0,0.2,2000,0,0,0,0,0,0,1.03
0,0.23,6001,1,0,0,0,0,1,0.52
0,0.15,4000,0,0,0,0,1,0,0.95
0,0.18,17000,0,0,0,1,0,0,0.23
0,0.13,25000,0,1,0,0,0,0,0.05
0,0.29,20000,1,0,0,0,1,0,0.9
0,0.27,7000,0,0,0,0,0,1,0
1,0.23,3890,0,0,0,0,0,0,0.97
0,0.11,10000,0,1,0,0,0,0,0.43
0,0.09,3001,0,1,0,0,0,0,0.21
0,0.16,20000,1,0,1,0,0,0,0.32
0,0.18,4500,1,0,0,0,1,0,0.71
0,0.12,6000,0,1,0,0,0,0,0.53
0,0.22,9000,0,0,0,0,1,0,0.99
0,0.12,15000,0,0,1,0,0,0,0.09
0,0.2,5000,0,0,0,0,0,1,0.7
0,0.2,8000,0,0,0,0,0,1,0.87
0,0.29,22000,0,0,0,0,0,1,0.83
0,0.14,3000,0,0,0,0,1,0,0.85
0,0.29,3600,0,0,0,0,0,0,0.92
0,0.29,3000,1,0,0,0,0,1,0.59
0,0.15,3000,0,0,0,1,0,0,0.46
0,0.24,18000,1,0,0,0,1,0,0.97
0,0.29,5300,0,0,0,0,0,0,0.83
0,0.28,11000,0,0,0,0,0,0,0.9
0,0.25,9500,0,0,0,0,0,1,0.64
0,0.29,5000,1,0,0,0,0,0,0.94
0,0.29,3000,1,0,0,0,0,0,0.8
0,0.2,1000,0,0,0,0,0,0,0
0,0.18,9800,0,0,0,0,1,0,0.57
0,0.25,5500,0,0,0,0,0,0,0.49
0,0.23,6001,0,0,0,0,0,0,1.2
0,0.12,1000,1,0,0,0,0,1,0.45
0,0.21,25000,1,0,0,1,0,0,0.01
0,0.15,13000,0,1,0,0,0,0,0.26
0,0.25,5000,0,0,0,0,0,1,0.2
0,0.19,15000,0,0,0,0,1,0,0.37
0,0.13,15000,0,0,1,0,0,0,0.45
0,0.29,4000,0,0,0,0,0,0,0.95
0,0.23,4000,0,0,0,0,0,0,1.01
0,0.29,7000,0,0,0,0,0,0,0.36
0,0.1,3900,0,1,0,0,0,0,0.41
0,0.17,20000,0,0,0,1,0,0,0.56
0,0.15,7500,0,0,0,1,0,0,0.65
0,0.24,12000,0,0,0,0,0,1,0.9
0,0.29,25000,0,0,0,0,0,1,0.6
0,0.29,3500,0,0,0,0,0,0,1.01
0,0.25,15000,0,0,0,0,0,1,0.65
0,0.13,5000,0,0,0,1,0,0,0.32
0,0.17,11300,0,0,0,0,1,0,0.27
0,0.11,14000,0,1,0,0,0,0,0.29
0,0.2,5000,0,0,0,0,0,1,0
0,0.2,5000,0,0,0,0,0,1,0.77
0,0.15,18000,0,0,0,1,0,0,0.12
0,0.23,7000,0,0,0,0,1,0,0.98
0,0.17,5000,0,0,0,0,1,0,0
0,0.29,3000,1,0,0,0,0,0,0.75
0,0.29,5000,1,0,0,0,0,0,0
0,0.29,3999,0,0,0,0,0,0,0.96
0,0.29,2000,0,0,0,0,0,0,0.77
0,0.08,4000,0,1,0,0,0,0,0.13
1,0.29,2000,1,0,0,0,0,0,0.09
0,0.18,9750,0,0,0,0,1,0,0.92
0,0.11,6001,0,0,1,0,0,0,0.28
0,0.29,5000,1,0,0,0,1,0,0.7
0,0.25,9000,0,0,0,0,0,1,0.97
0,0.2,21000,0,1,0,0,0,0,0.34
0,0.15,4000,0,0,0,1,0,0,0.28
0,0.2,7500,1,0,0,0,1,0,0.38
0,0.29,12000,0,0,0,0,0,1,0.63
0,0.17,10000,1,0,0,0,0,1,0.95
0,0.15,25000,0,0,0,0,1,0,0.09
0,0.15,3200,0,0,0,0,1,0,0.7
0,0.13,10000,0,0,0,1,0,0,0.78
0,0.24,5600,0,0,0,0,0,0,0.62
0,0.14,5000,0,0,0,1,0,0,0.68
0,0.18,6000,0,0,0,0,1,0,0.58
0,0.09,5000,0,1,0,0,0,0,0.18
0,0.12,6000,0,0,1,0,0,0,0.6
0,0.1,2000,0,1,0,0,0,0,0.06
0,0.1,5000,0,1,0,0,0,0,0.09
0,0.15,7500,0,0,0,1,0,0,0.72
0,0.29,3000,0,0,0,0,0,0,0.63
0,0.29,2550,0,0,0,0,0,0,0
1,0.17,1800,0,0,0,0,0,0,0.96
0,0.29,3700,0,0,0,0,0,1,0.58
0,0.15,3000,1,0,0,0,1,0,0
0,0.15,8500,0,1,0,0,0,0,0.55
0,0.17,6550,0,0,0,0,1,0,0.77
0,0.14,20200,0,0,1,0,0,0,0.86
0,0.2,18000,1,0,0,1,0,0,0.75
0,0.1,1000,0,1,0,0,0,0,0.3
0,0.1,3000,0,0,1,0,0,0,0.36
0,0.12,10000,0,1,0,0,0,0,0.81
0,0.17,1700,0,0,0,0,0,0,0.56
0,0.17,3500,0,0,0,0,0,1,0.12
0,0.29,15000,0,0,0,0,0,0,0
0,0.1,1000,0,0,1,0,0,0,0.56
0,0.29,8000,0,0,0,0,0,1,0.8
0,0.15,4400,0,0,0,0,0,0,0.8
0,0.2,16950,0,0,0,0,1,0,0.55
0,0.19,25000,0,0,1,0,0,0,0.85
0,0.16,5000,0,0,0,1,0,0,0.35
0,0.14,18500,0,0,1,0,0,0,0.45
0,0.12,4800,0,0,0,1,0,0,0.66
0,0.15,25000,0,0,1,0,0,0,0.01
0,0.14,2000,0,0,0,0,1,0,0.5
0,0.11,3000,0,1,0,0,0,0,0.32
0,0.16,25000,1,1,0,0,0,0,0.66
0,0.1,4000,0,0,1,0,0,0,0.34
0,0.29,9740,0,0,0,0,0,1,0.56
0,0.25,8500,1,0,0,0,0,1,0.73
0,0.19,6000,1,0,0,0,0,1,0.61
0,0.29,3000,0,0,0,0,0,0,0.92
0,0.25,4500,1,0,0,0,0,1,0.2
0,0.25,5000,0,0,0,0,0,0,1
0,0.2,6000,0,0,0,0,1,0,1
0,0.17,7500,0,0,0,0,1,0,0.2
0,0.29,5300,0,0,0,0,0,0,0.96
0,0.21,13500,0,0,0,0,0,1,0.84
0,0.29,6000,0,0,0,0,0,0,0.92
0,0.1,3000,0,1,0,0,0,0,0.2
0,0.15,10500,0,0,0,0,1,0,0.84
0,0.14,9500,0,0,1,0,0,0,0.77
0,0.14,25000,1,1,0,0,0,0,0.63
0,0.27,3000,1,0,0,0,0,0,0.65
0,0.17,2500,0,0,0,0,1,0,0.59
0,0.28,4500,0,0,0,0,0,0,0.47
0,0.14,3000,0,0,0,0,1,0,0
0,0.17,5000,1,0,0,0,1,0,0.08
0,0.2,6500,0,0,0,0,1,0,0
0,0.15,6500,0,0,0,0,1,0,1.05
0,0.1,1000,0,0,1,0,0,0,0.24
0,0.25,10000,0,0,0,0,0,0,0.87
0,0.13,4250,1,0,0,1,0,0,0.99
0,0.14,2100,0,0,0,0,1,0,0.92
0,0.29,25000,0,0,0,1,0,0,0.38
0,0.29,6000,1,0,0,0,0,0,0.72
0,0.2,5500,0,0,0,0,0,0,0.95
0,0.17,20000,1,1,0,0,0,0,0.01
0,0.29,2550,0,0,0,0,0,0,0.9
0,0.12,25000,1,1,0,0,0,0,0
0,0.2,9000,0,0,0,0,1,0,0.92
0,0.29,25000,0,0,0,1,0,0,0.57
1,0.29,2400,0,0,0,0,0,0,1.05
0,0.23,10000,0,0,0,0,0,1,1.02
0,0.29,4000,0,0,0,0,0,0,0.98
0,0.28,12839,0,0,0,0,1,0,0.45
0,0.21,15500,0,0,1,0,0,0,0.66
0,0.23,14000,1,0,0,0,1,0,0.83
0,0.1,7000,0,1,0,0,0,0,0.17
0,0.29,10500,0,0,0,0,0,1,0.76
0,0.26,10000,0,0,0,0,0,1,0.97
0,0.15,10000,0,0,1,0,0,0,0.16
0,0.11,18800,0,1,0,0,0,0,0.63
0,0.28,2550,0,0,0,0,0,0,0.74
0,0.17,25000,0,0,1,0,0,0,0.67
1,0.29,9200,1,0,0,0,0,0,0.98
0,0.27,5000,0,0,0,0,0,0,0.83
0,0.25,10000,1,0,1,0,0,0,0
0,0.28,6500,1,0,0,0,0,0,0
1,0.29,5000,0,0,0,0,0,0,0.9
1,0.29,5000,1,0,0,0,0,0,0
0,0.24,1750,1,0,0,0,0,0,0.91
0,0.15,20000,1,0,0,1,0,0,0.79
0,0.2,15000,0,0,1,0,0,0,0.59
0,0.19,5500,0,0,0,1,0,0,0.29
0,0.12,9000,0,1,0,0,0,0,0.05
0,0.26,2000,1,0,0,0,0,0,0
0,0.29,15000,0,0,0,0,0,1,0.97
0,0.14,6001,0,0,0,1,0,0,0.56
0,0.23,5000,0,0,0,0,0,1,0.78
0,0.17,1075,1,0,0,0,0,0,0.9
0,0.12,8000,1,0,1,0,0,0,0.91
0,0.24,15000,0,0,0,0,0,1,1.03
0,0.14,2400,1,0,0,1,0,0,0.22
0,0.14,25000,0,0,0,1,0,0,0.23
0,0.15,5000,1,0,0,1,0,0,0.42
0,0.23,5000,1,0,0,0,0,1,0.98
0,0.11,23500,0,1,0,0,0,0,0.02
0,0.24,5000,0,0,0,0,0,1,0.95
0,0.21,3000,1,0,0,0,0,0,0.65
0,0.22,15000,0,0,0,0,1,0,0.95
0,0.24,25000,0,0,0,0,1,0,0.42
1,0.27,2800,0,0,0,0,0,0,0
0,0.15,18000,0,0,0,1,0,0,0.37
0,0.24,1000,1,0,0,0,1,0,0.18
0,0.09,1500,0,0,1,0,0,0,0.76
0,0.15,2500,0,0,0,0,0,1,0.94
0,0.25,7000,0,0,0,0,0,1,0.14
0,0.14,3000,0,0,0,0,1,0,0.98
0,0.17,4000,0,1,0,0,0,0,0.02
0,0.19,24000,1,0,0,1,0,0,0.18
0,0.17,5000,0,0,1,0,0,0,0.46
0,0.17,4600,0,0,0,1,0,0,0.88
0,0.19,4700,0,0,0,0,0,1,0.74
0,0.21,5000,0,0,0,0,1,0,0.77
0,0.25,2550,0,0,0,0,0,0,0
0,0.12,11000,0,0,1,0,0,0,0.7
0,0.18,14000,0,0,0,0,1,0,0.91
0,0.15,5000,0,0,0,1,0,0,0.73
1,0.28,6215,1,0,0,0,0,0,0.91
0,0.11,7000,0,1,0,0,0,0,0.83
0,0.09,2500,0,1,0,0,0,0,0.28
0,0.14,1400,0,0,0,0,1,0,0.61
0,0.18,4000,0,0,0,0,0,1,0.19
0,0.11,2500,1,0,0,1,0,0,0
0,0.29,5000,0,0,0,0,0,0,0.73
0,0.12,18950,0,1,0,0,0,0,0
0,0.24,1000,1,0,0,0,0,1,0.9
0,0.15,2650,1,0,0,0,0,1,0.42
0,0.19,6001,0,0,0,0,1,0,0.2
0,0.25,25000,0,0,1,0,0,0,0.73
0,0.29,6700,0,0,0,0,0,0,0.39
0,0.29,12000,0,0,0,1,0,0,0.6
0,0.16,11204,0,0,0,1,0,0,0.73
0,0.15,1100,0,0,0,0,0,0,0
0,0.19,9000,1,0,0,0,1,0,0.98
0,0.12,7000,0,0,0,1,0,0,0.2
0,0.11,25000,0,1,0,0,0,0,0.29
0,0.15,1000,0,0,0,0,1,0,0.87
0,0.15,12000,0,0,0,1,0,0,0.33
0,0.17,2000,0,0,0,0,0,0,0.25
0,0.29,5000,0,0,0,0,0,0,0.78
1,0.17,3000,1,1,0,0,0,0,0.14
0,0.15,25000,0,1,0,0,0,0,0.44
0,0.11,3000,0,0,1,0,0,0,0.26
0,0.26,10848,0,0,0,1,0,0,0.68
0,0.13,20000,0,0,1,0,0,0,0.46
0,0.25,3500,1,0,0,0,0,0,0.62
0,0.21,3500,0,0,0,0,0,1,1.03
0,0.16,6500,0,0,0,0,1,0,0.67
0,0.29,3000,0,0,0,0,0,0,1.34
1,0.29,20000,0,0,0,0,0,1,0.03
0,0.17,5000,0,0,0,0,1,0,0.03
0,0.28,10000,0,0,0,0,0,1,0.87
0,0.29,1000,0,0,0,0,0,0,0
0,0.29,7000,1,0,0,0,0,1,0.91
1,0.29,3000,1,0,0,0,0,0,1.01
0,0.29,3500,0,0,0,0,0,0,0.9
0,0.22,5600,0,0,0,0,0,1,0.94
0,0.29,3500,0,0,0,0,0,0,0.83
0,0.29,5000,0,0,0,0,0,0,1
0,0.17,4000,0,0,0,1,0,0,0.75
0,0.25,4500,0,0,0,0,0,1,0.87
0,0.18,8000,1,0,0,0,1,0,0
0,0.15,17000,1,0,1,0,0,0,0.58
0,0.17,8500,1,0,0,1,0,0,0.21
0,0.23,7500,0,0,0,0,0,1,0.89
0,0.2,5000,1,0,0,0,1,0,0
0,0.25,15000,0,0,0,0,0,1,0
0,0.15,7500,0,0,0,0,1,0,0.98
0,0.17,1700,0,0,0,0,0,1,0.28
0,0.29,5000,0,0,0,0,0,0,0.92
0,0.07,1325,0,1,0,0,0,0,0.02
0,0.19,7000,0,0,0,0,1,0,0.62
0,0.29,3500,0,0,0,0,0,0,0.88
0,0.22,19000,0,0,0,0,1,0,0.75
0,0.22,25000,1,1,0,0,0,0,0.69
0,0.21,5500,1,0,0,0,1,0,0
0,0.17,25000,0,1,0,0,0,0,0.34
0,0.21,3001,1,0,0,0,1,0,0
0,0.23,15000,0,0,0,0,0,1,0.18
0,0.2,6000,0,0,0,0,1,0,0.02
1,0.29,3000,0,0,0,0,0,0,0
0,0.11,1527,0,1,0,0,0,0,0.03
0,0.21,25000,0,0,0,1,0,0,0.07
0,0.13,2500,1,0,0,1,0,0,0.77
0,0.25,2800,0,0,0,0,0,0,0.97
0,0.09,8000,0,1,0,0,0,0,0
0,0.27,6000,0,0,0,0,0,0,0.95
1,0.23,4000,0,0,0,0,0,1,0.51
1,0.29,5000,0,0,0,0,0,0,0
0,0.23,25000,0,1,0,0,0,0,0.04
0,0.2,2000,0,0,0,0,0,0,0
0,0.29,1800,0,0,0,0,0,0,0.73
0,0.26,17850,0,0,0,0,1,0,0.94
0,0.29,2000,0,0,0,0,0,0,1.26
0,0.2,25000,1,0,0,0,1,0,0.87
0,0.29,7000,1,0,0,0,0,0,1.02
0,0.13,10000,0,0,1,0,0,0,0.53
0,0.2,1000,0,0,0,0,0,0,1.07
0,0.29,5500,0,0,0,0,0,0,0.99
0,0.15,8400,0,0,0,1,0,0,0.48
0,0.28,12000,1,0,0,0,0,1,0.87
0,0.24,5700,0,0,1,0,0,0,0.1
0,0.22,10000,0,0,0,0,1,0,0.65
0,0.24,1500,0,0,0,0,0,0,0
0,0.15,17500,0,0,0,1,0,0,0.55
0,0.12,4500,0,1,0,0,0,0,0.09
0,0.12,17500,0,1,0,0,0,0,0.13
0,0.23,12500,1,0,0,0,0,1,0.41
1,0.29,5000,0,0,0,0,0,0,0
0,0.2,5128,0,0,0,0,0,0,0
1,0.29,1000,0,0,0,0,0,0,0
0,0.23,3150,0,0,0,0,0,0,0.88
0,0.19,7000,0,0,0,0,1,0,0.83
0,0.2,1000,0,0,0,0,0,1,0.33
0,0.17,10700,0,0,0,0,1,0,0.12
0,0.14,14100,0,0,0,1,0,0,0.73
0,0.11,3000,1,0,0,0,1,0,0
0,0.14,5000,0,0,0,1,0,0,0.29
0,0.18,9999,0,0,0,0,0,1,0.92
0,0.29,3500,0,0,0,0,0,0,0.99
0,0.29,3999,0,0,0,0,0,0,0.94
1,0.15,4000,0,0,0,0,1,0,0
0,0.17,25000,0,0,1,0,0,0,0.91
0,0.23,5000,0,0,0,0,0,1,0.39
0,0.19,2500,0,0,0,0,1,0,0.82
0,0.15,19500,0,1,0,0,0,0,0.59
0,0.15,2000,0,0,0,0,1,0,0.98
0,0.29,18000,0,0,0,0,1,0,0.91
0,0.17,4000,1,0,0,0,0,1,0.76
0,0.11,4000,0,1,0,0,0,0,0.11
0,0.19,15000,0,1,0,0,0,0,0.3
1,0.29,9000,1,0,0,0,0,0,0
1,0.29,3000,0,0,0,0,0,0,0
0,0.24,1500,1,0,0,0,0,0,0.88
0,0.13,15000,0,1,0,0,0,0,0.09
0,0.29,6000,0,0,0,0,0,0,0
0,0.26,25000,0,0,0,0,1,0,0.92
0,0.24,4592,0,0,0,0,1,0,0.6
0,0.09,2500,0,1,0,0,0,0,0.09
0,0.23,8000,0,0,0,0,0,1,0.87
0,0.18,13000,0,0,0,0,1,0,0.73
0,0.1,6000,0,0,1,0,0,0,0.52
0,0.22,8000,1,0,0,0,0,1,0.93
0,0.29,7600,0,0,0,0,0,0,0.94
0,0.07,3000,0,1,0,0,0,0,0.06
0,0.15,1000,1,0,0,0,0,0,1.75
0,0.27,10095,0,0,0,0,0,0,0.9
1,0.1,2500,1,0,0,1,0,0,0
0,0.13,19000,0,1,0,0,0,0,0.08
0,0.13,18000,0,1,0,0,0,0,0.53
0,0.29,2000,1,0,0,0,0,0,0.83
0,0.17,12000,0,0,0,0,0,1,0.91
1,0.29,4750,0,0,0,0,0,0,1
0,0.1,5000,1,1,0,0,0,0,0.06
0,0.29,11000,0,0,0,0,0,1,0.98
0,0.29,18000,0,0,0,0,0,1,0.93
0,0.27,6000,0,0,0,0,0,0,0.85
0,0.2,3500,0,0,0,0,0,0,0
0,0.12,6000,0,1,0,0,0,0,0.33
0,0.17,2400,0,0,0,0,0,1,0.77
0,0.16,3800,0,0,0,1,0,0,0
0,0.29,5000,0,0,0,0,0,0,0.93
0,0.1,10000,0,1,0,0,0,0,0.15
0,0.19,25000,0,0,0,1,0,0,0.89
0,0.17,5600,0,0,0,1,0,0,1.09
0,0.13,10000,0,0,1,0,0,0,0.51
0,0.22,7300,0,0,0,0,0,1,0.74
0,0.29,5000,0,0,0,0,0,0,0.89
0,0.29,3000,1,0,0,0,0,0,0.95
0,0.13,12500,0,1,0,0,0,0,0
0,0.2,3200,1,0,0,0,0,1,0
0,0.25,15000,0,0,0,0,0,1,0.9
0,0.2,5000,0,0,0,0,1,0,0
0,0.18,2550,0,0,0,0,0,1,0.28
0,0.28,23500,0,0,0,0,0,1,0.89
0,0.15,2700,0,0,0,0,1,0,0.51
0,0.17,1000,1,0,0,0,0,1,0.76
0,0.23,14000,0,0,0,0,0,1,1.04
0,0.29,25000,1,0,0,0,1,0,0.93
0,0.15,5000,0,0,0,0,1,0,0.7
0,0.2,1000,0,0,0,0,0,0,0.98
0,0.13,25000,0,1,0,0,0,0,0.27
0,0.17,1000,0,0,0,0,0,1,1.02
0,0.23,7500,1,0,0,0,0,0,0.81
0,0.27,10000,0,0,0,0,0,0,0.45
0,0.11,5000,0,0,1,0,0,0,0.05
0,0.12,7500,1,0,0,1,0,0,0
0,0.29,10000,0,0,0,0,1,0,0.98
0,0.07,5000,0,1,0,0,0,0,0.05
0,0.1,1500,0,0,1,0,0,0,0.16
0,0.1,1000,0,0,1,0,0,0,0.53
0,0.29,6000,1,0,0,0,0,0,0.79
0,0.2,15000,0,0,0,0,0,1,1.03
0,0.21,4500,0,0,0,0,0,1,0
0,0.29,2500,1,0,0,0,0,0,0.87
0,0.15,9990,0,0,1,0,0,0,0.2
0,0.2,13000,0,0,0,0,0,1,0.8
0,0.26,7000,0,0,0,0,1,0,0.92
0,0.09,9000,0,0,0,0,0,0,0.99
0,0.2,10000,1,0,0,0,0,0,0.85
0,0.15,10000,1,0,0,1,0,0,0
0,0.22,4500,1,0,0,0,0,1,0.68
0,0.15,5000,1,0,0,0,1,0,0.92
0,0.17,1000,0,0,0,0,0,1,0.35
0,0.2,2000,1,0,0,0,0,0,0
0,0.29,2500,0,0,0,0,0,0,0.08
0,0.15,2550,0,0,0,0,0,0,0.98
0,0.13,4000,0,0,1,0,0,0,0.01
0,0.15,4000,0,0,0,1,0,0,0.64
0,0.11,15200,0,0,1,0,0,0,0.83
0,0.12,25000,1,1,0,0,0,0,0.22
0,0.29,2500,1,0,0,0,0,0,0
0,0.2,12500,0,0,1,0,0,0,0.52
0,0.09,4900,0,1,0,0,0,0,0
0,0.15,25000,0,0,1,0,0,0,0.04
0,0.24,3000,0,0,0,0,0,0,0
0,0.15,6000,0,0,0,1,0,0,0.72
0,0.18,3500,0,0,0,0,1,0,0.01
0,0.24,2500,1,0,0,0,0,1,1
0,0.18,6800,1,0,0,0,0,1,0.89
0,0.2,8000,1,0,0,0,1,0,0.92
0,0.15,15000,0,0,0,1,0,0,0.62
0,0.15,9999,0,0,0,1,0,0,0.57
0,0.29,4000,0,0,0,0,0,0,1
0,0.29,5000,1,0,0,0,0,1,0.65
0,0.29,25000,0,0,0,0,0,1,0.58
0,0.25,25000,0,1,0,0,0,0,0.47
0,0.29,2550,0,0,0,0,0,0,0.94
0,0.12,19500,1,1,0,0,0,0,0
0,0.26,3000,0,0,0,0,0,0,1.17
0,0.18,2700,1,0,0,0,1,0,0.74
0,0.29,5000,0,0,0,0,0,0,0.82
0,0.17,4000,1,0,0,0,1,0,0
0,0.13,16000,0,0,1,0,0,0,0.34
0,0.29,5000,0,0,0,0,0,0,1.08
0,0.26,5000,0,0,0,0,0,1,0.64
0,0.15,6000,0,0,0,0,1,0,0.14
1,0.29,6000,0,0,0,0,0,0,0.98
1,0.22,20000,1,0,0,0,1,0,0.89
0,0.19,6200,0,0,0,0,1,0,0
0,0.19,13000,0,0,0,0,1,0,0.82
0,0.26,2500,1,0,0,0,0,0,0.91
1,0.29,6000,0,0,0,0,0,0,0
0,0.24,9500,0,0,0,0,0,1,0.86
0,0.23,1400,0,0,0,0,0,0,0
0,0.22,12000,1,0,0,0,1,0,0.92
0,0.29,3000,0,0,0,0,0,0,0.29
0,0.1,6000,0,1,0,0,0,0,0
0,0.1,3000,0,1,0,0,0,0,0.16
0,0.1,5000,0,1,0,0,0,0,0
0,0.23,18000,0,0,0,0,1,0,0.58
0,0.24,4500,1,0,0,0,0,1,0.71
0,0.17,1500,0,0,0,0,0,0,0
1,0.29,3001,1,0,0,0,0,0,0
0,0.15,5000,0,0,0,1,0,0,0.92
0,0.26,9500,0,0,0,0,0,1,0.86
0,0.14,16500,0,1,0,0,0,0,0.2
0,0.21,5000,1,0,0,0,1,0,0.94
0,0.29,3000,1,0,0,0,0,0,0
0,0.23,4400,1,0,0,0,0,0,0
0,0.27,6500,0,0,0,0,0,1,0.67
0,0.14,15000,0,1,0,0,0,0,0.59
0,0.14,11500,1,0,1,0,0,0,0.36
0,0.13,20000,0,0,1,0,0,0,0.79
0,0.23,1600,0,0,0,0,0,0,0.74
0,0.18,7000,0,0,0,1,0,0,0.54
1,0.29,7200,0,0,0,0,0,0,1.15
0,0.2,3000,0,0,0,0,0,1,0
0,0.19,1000,0,0,0,0,1,0,0.87
1,0.15,10000,0,0,0,1,0,0,0.08
0,0.23,10000,0,0,1,0,0,0,0.69
0,0.29,3000,0,0,0,0,0,0,0
0,0.2,10000,0,0,1,0,0,0,0.45
0,0.28,3500,0,0,0,0,0,1,0.93
0,0.29,5000,0,0,0,0,0,0,0
0,0.17,12000,1,0,1,0,0,0,0.51
0,0.22,6000,0,0,0,0,1,0,0.71
0,0.09,3600,0,1,0,0,0,0,0.23
0,0.27,8500,0,0,0,0,1,0,0.96
0,0.27,7500,0,0,0,0,0,0,0.69
0,0.15,2500,0,0,0,0,0,1,0.7
0,0.15,11000,0,0,0,1,0,0,0.65
0,0.29,11700,0,0,0,0,0,0,0.56
0,0.13,25000,1,1,0,0,0,0,0.11
0,0.22,24000,0,0,0,1,0,0,0.72
0,0.23,3550,0,0,0,0,0,1,0.66
0,0.15,3500,0,0,0,0,1,0,0.32
0,0.14,6001,0,0,1,0,0,0,0.54
0,0.17,10000,0,0,1,0,0,0,0.79
0,0.18,5000,0,0,0,1,0,0,0
0,0.22,5000,0,0,0,0,1,0,0.55
0,0.23,8000,0,0,0,0,0,1,0
1,0.2,9000,0,0,1,0,0,0,0.65
0,0.21,8000,0,0,0,0,0,1,0.76
0,0.29,5100,0,0,0,0,0,0,0.81
0,0.17,3000,0,0,0,0,1,0,0.53
0,0.15,15000,0,1,0,0,0,0,0.05
0,0.29,3800,0,0,0,0,0,0,0.73
0,0.16,3000,0,0,0,1,0,0,0.81
0,0.22,25000,0,1,0,0,0,0,0.63
0,0.15,9000,0,0,0,1,0,0,0.49
0,0.19,11500,0,0,0,0,1,0,0.38
0,0.12,12000,1,1,0,0,0,0,0
0,0.25,15000,1,0,0,0,0,1,0
0,0.27,15000,0,0,0,0,0,1,0.94
1,0.17,1100,0,0,0,0,0,1,0.29
0,0.08,2499,0,1,0,0,0,0,0.01
0,0.19,13000,1,0,0,0,1,0,0.89
0,0.15,5000,0,0,0,0,1,0,0
0,0.15,2600,0,0,0,0,1,0,0.68
0,0.15,9999,0,0,0,0,1,0,0.54
0,0.25,9000,0,0,0,0,0,1,0.97
0,0.07,2550,1,0,1,0,0,0,0
0,0.13,25000,0,1,0,0,0,0,0.11
0,0.25,3500,1,0,0,0,0,1,0
0,0.24,25000,0,0,0,1,0,0,0.89
0,0.14,9999,0,0,1,0,0,0,0
0,0.1,6000,0,1,0,0,0,0,0.02
0,0.23,10000,1,0,0,0,0,1,0.72
0,0.2,3000,1,0,0,0,0,0,1.03
0,0.2,10000,0,0,0,0,0,1,0.03
0,0.29,2550,0,0,0,0,0,0,0
0,0.26,10000,0,0,0,0,0,1,0.46
0,0.22,4000,0,0,0,1,0,0,0.47
0,0.24,3000,0,0,0,0,0,0,0.97
0,0.09,6500,0,1,0,0,0,0,0.09
1,0.29,3900,0,0,0,0,0,0,0
0,0.17,11000,0,0,0,0,1,0,0
0,0.29,5500,0,0,0,0,0,0,0.77
0,0.16,25000,0,1,0,0,0,0,0.76
0,0.24,5000,0,0,0,0,1,0,0.9
0,0.15,2000,1,0,0,0,1,0,0
0,0.13,21000,0,0,1,0,0,0,0.24
0,0.13,20000,0,0,1,0,0,0,0.52
0,0.05,2000,0,1,0,0,0,0,0.1
0,0.29,1500,1,0,0,0,0,0,0.94
0,0.11,1000,0,0,0,0,1,0,0.05
0,0.15,9999,0,0,0,0,1,0,0.83
0,0.23,25000,0,0,0,0,0,1,0.67
0,0.08,1500,1,1,0,0,0,0,0.22
0,0.13,10000,0,1,0,0,0,0,0.28
0,0.29,6500,0,0,0,0,0,0,0.89
0,0.1,8000,0,1,0,0,0,0,0.45
0,0.13,9000,0,1,0,0,0,0,0.26
1,0.25,8500,0,0,0,0,0,1,0.78
0,0.24,25000,0,0,0,0,1,0,0.97
0,0.15,3000,0,1,0,0,0,0,0.03
0,0.19,12200,1,0,0,0,1,0,0
0,0.28,8000,0,0,0,0,0,1,0.92
0,0.14,2000,0,0,0,1,0,0,0.98
1,0.29,10000,0,0,0,0,0,0,0
0,0.2,1500,0,0,0,0,0,0,0.41
0,0.2,5000,0,0,0,0,0,1,0.87
0,0.07,2550,1,0,0,0,0,0,0.63
0,0.29,4000,1,0,0,0,0,0,0
1,0.29,23500,0,0,0,0,1,0,0.86
1,0.15,7000,1,0,0,1,0,0,0
0,0.24,10000,0,0,0,0,0,1,0.89
0,0.16,25000,0,0,1,0,0,0,0.92
0,0.13,17500,0,1,0,0,0,0,0.08
0,0.18,18000,0,0,0,1,0,0,0.15
0,0.29,5000,0,0,0,0,0,0,0.77
1,0.29,10500,0,0,0,0,0,0,0.99
0,0.29,7100,1,0,0,0,0,0,1.12
0,0.2,8500,0,0,0,0,0,1,0.89
0,0.2,8500,0,0,0,0,1,0,0.64
0,0.24,3000,0,0,0,0,0,0,0.67
0,0.25,4449,0,0,0,0,0,1,0.94
0,0.2,5000,0,0,0,1,0,0,0.65
0,0.11,6000,0,0,1,0,0,0,0.1
0,0.13,6001,0,0,1,0,0,0,0.94
0,0.29,3500,1,0,0,0,0,0,0.74
0,0.09,2000,0,1,0,0,0,0,0
0,0.17,25000,0,1,0,0,0,0,0.06
0,0.29,4000,1,0,0,0,0,0,0
0,0.18,3002,1,0,0,0,0,1,0.8
1,0.29,22000,0,0,0,0,0,1,0
0,0.18,10000,0,0,0,1,0,0,0.15
0,0.19,9900,0,0,0,0,1,0,0.36
0,0.17,2000,0,0,0,0,0,1,0.79
0,0.29,5500,0,0,0,0,0,0,1.13
0,0.25,9000,0,0,0,1,0,0,0.56
0,0.24,23000,0,0,0,1,0,0,0.82
0,0.17,6500,0,0,0,1,0,0,0.45
0,0.14,7500,0,0,0,1,0,0,0.67
0,0.12,25000,0,1,0,0,0,0,0.06
0,0.24,3000,0,0,0,0,0,0,0.91
0,0.29,3001,0,0,0,0,0,0,0.92
0,0.1,1000,0,0,1,0,0,0,0.65
0,0.29,2550,0,0,0,0,0,0,0
0,0.27,2000,0,0,0,0,0,0,0
0,0.21,5000,0,0,0,0,0,1,0
0,0.29,4000,0,0,0,0,0,0,1.21
0,0.27,3750,0,0,0,0,0,0,0.88
1,0.29,5000,1,0,0,0,0,0,1.05
0,0.29,3600,0,0,0,0,0,0,0.3
1,0.29,20000,1,0,0,0,0,0,0.99
0,0.24,14900,0,0,0,0,0,1,0.93
0,0.2,5000,0,0,0,0,0,1,0.08
0,0.12,5000,0,1,0,0,0,0,0.1
0,0.29,13200,0,0,0,0,0,1,0.98
0,0.21,9000,0,0,0,0,0,1,0
0,0.2,25000,0,0,0,1,0,0,0.08
0,0.29,3500,0,0,0,0,0,0,0.94
0,0.19,16000,0,0,1,0,0,0,0
0,0.29,5000,1,0,0,0,0,1,0.42
0,0.29,5000,0,0,0,0,0,0,0.46
0,0.29,2000,1,0,0,0,0,0,0
0,0.2,9900,0,0,0,0,0,1,0.96
1,0.16,25000,0,0,1,0,0,0,0.85
0,0.21,14000,0,0,0,0,1,0,0.85
0,0.29,5000,0,0,0,0,0,0,0.92
0,0.29,2975,0,0,0,0,0,0,0.96
0,0.15,9500,0,0,1,0,0,0,0.36
0,0.29,3800,0,0,0,0,0,0,0.84
0,0.12,6250,0,1,0,0,0,0,0.21
0,0.23,10000,0,0,0,0,1,0,0.44
0,0.15,3000,0,1,0,0,0,0,0.05
0,0.18,7000,0,0,0,0,1,0,0.33
1,0.29,6500,1,0,0,0,0,1,0.85
0,0.14,7000,0,0,1,0,0,0,0.32
0,0.29,2100,0,0,0,0,0,0,1
0,0.2,3100,1,0,0,0,1,0,0.92
0,0.28,6000,0,0,0,0,0,1,0.53
0,0.29,13500,0,0,0,0,0,1,0.78
0,0.16,20000,0,1,0,0,0,0,0.29
0,0.07,5000,0,1,0,0,0,0,0.33
0,0.12,4000,0,1,0,0,0,0,0.04
0,0.29,3001,0,0,0,0,0,0,0.83
0,0.2,6000,0,0,0,0,0,0,0.85
0,0.2,5000,0,0,1,0,0,0,0
0,0.19,4000,0,0,0,0,1,0,0.85
0,0.2,8000,0,0,0,0,1,0,0.79
0,0.16,15000,0,0,1,0,0,0,0.59
0,0.19,7500,0,0,0,0,1,0,0.57
0,0.24,4000,0,0,0,0,0,1,0.92
0,0.2,15000,0,0,0,1,0,0,0.61
0,0.14,9700,0,1,0,0,0,0,0.23
1,0.29,1000,0,0,0,0,0,0,0.92
0,0.15,5000,0,0,0,0,1,0,0.74
0,0.29,5000,1,0,0,0,0,0,0.97
0,0.15,19300,0,0,1,0,0,0,0.39
0,0.15,6010,0,0,0,1,0,0,0.63
0,0.24,7500,0,0,0,0,1,0,0
0,0.29,6500,0,0,0,0,0,0,0.95
1,0.29,10000,1,0,0,0,0,0,0.72
0,0.23,1600,1,0,0,0,0,0,1.46
0,0.17,5000,0,0,0,0,1,0,0.78
0,0.28,2550,0,0,0,0,0,0,0.94
0,0.22,5000,1,0,0,0,0,1,0
1,0.27,12000,1,0,0,0,0,1,0
0,0.09,5000,0,1,0,0,0,0,0
0,0.13,2550,0,0,1,0,0,0,0.27
0,0.17,10000,1,0,1,0,0,0,0.6
0,0.19,10000,0,0,0,0,1,0,0.64
1,0.29,3001,1,0,0,0,0,0,0
0,0.23,6500,0,0,0,0,0,0,0.71
0,0.18,10000,0,0,0,0,1,0,0.27
0,0.29,4000,0,0,0,0,0,0,0.77
0,0.17,15000,1,0,0,1,0,0,0.89
1,0.25,4000,1,0,0,0,1,0,0.47
0,0.08,3000,0,1,0,0,0,0,0.03
0,0.23,8500,0,0,0,0,0,1,0.86
0,0.21,6000,0,0,0,0,0,1,0.76
0,0.29,4000,0,0,0,0,0,0,1.12
0,0.23,6001,0,0,0,0,0,1,0.88
0,0.11,15000,0,1,0,0,0,0,0.01
0,0.29,3500,0,0,0,0,0,0,0.71
0,0.2,7000,0,0,0,0,0,1,0.86
0,0.09,2000,0,0,1,0,0,0,0
0,0.29,5000,0,0,0,0,0,0,0
0,0.15,5000,0,0,0,1,0,0,0.41
0,0.15,5000,1,0,0,1,0,0,0.84
0,0.29,2000,0,0,0,0,0,0,0.28
0,0.24,4000,0,0,0,0,0,1,0.89
0,0.26,5000,1,0,0,0,0,0,0
0,0.14,1500,0,1,0,0,0,0,0.04
0,0.13,10200,0,0,1,0,0,0,0.95
0,0.25,3000,0,0,0,0,0,0,0
0,0.24,10000,0,0,0,0,1,0,0
0,0.18,6500,0,0,0,0,1,0,0.85
0,0.24,6000,0,0,0,0,0,0,0
0,0.23,1500,1,0,0,0,0,0,1.11
0,0.13,2000,1,0,1,0,0,0,0.54
0,0.27,5000,0,0,0,0,0,0,0.96
0,0.29,2550,1,0,0,0,0,0,1.32
0,0.15,14000,1,0,1,0,0,0,0.25
0,0.11,15000,0,0,1,0,0,0,0.21
1,0.23,6001,0,0,0,0,0,1,0.24
0,0.29,3000,1,0,0,0,0,0,1.01
0,0.1,3000,0,1,0,0,0,0,0.04
0,0.19,11000,0,0,0,1,0,0,0.93
0,0.15,5000,0,0,0,0,1,0,0
0,0.11,20000,0,1,0,0,0,0,0.01
0,0.29,4300,1,0,0,0,0,0,0.95
0,0.25,5000,0,0,0,0,0,1,0.9
0,0.29,20000,0,0,0,0,1,0,1.05
0,0.2,7500,0,0,0,0,0,1,0.99
0,0.24,4800,1,0,0,0,1,0,0
0,0.14,8000,0,1,0,0,0,0,0.76
0,0.15,11000,0,0,1,0,0,0,0.42
0,0.29,2550,0,0,0,0,0,0,0.43
0,0.23,2400,0,0,0,0,0,0,0.91
0,0.24,2550,1,0,0,0,0,0,0.93
0,0.23,8800,1,0,0,0,1,0,0.61
0,0.15,15000,1,0,1,0,0,0,0.45
1,0.24,4000,0,0,0,0,0,0,0.99
0,0.24,1000,0,0,0,0,0,0,0.97
0,0.28,6000,0,0,0,0,0,0,0.98
0,0.29,8500,1,0,0,1,0,0,0
0,0.15,16000,0,0,0,1,0,0,0.77
0,0.15,1800,1,0,0,0,0,1,1.02
0,0.29,10000,0,0,0,0,0,1,0.78
0,0.23,15000,0,0,0,0,0,1,0.06
0,0.12,25000,0,1,0,0,0,0,0.07
0,0.2,15000,1,0,0,1,0,0,0.8
1,0.21,10000,0,0,0,0,0,1,0.84
0,0.2,1500,0,0,0,0,0,0,0.74
0,0.26,3000,1,0,0,0,0,0,0
0,0.29,20000,0,0,0,0,0,0,0.95
0,0.16,3500,1,0,0,0,1,0,0.51
0,0.23,4000,1,0,0,0,0,0,1
0,0.24,9000,0,0,0,0,0,1,0.64
0,0.19,3000,0,0,0,0,0,1,0
0,0.14,5000,1,0,0,1,0,0,0.39
0,0.18,15000,0,0,0,0,1,0,0.58
0,0.11,8000,0,0,1,0,0,0,0
0,0.28,1900,0,0,0,0,0,0,1.2
0,0.29,7000,1,0,0,0,0,0,0
0,0.26,3672,0,0,0,0,0,0,0.94
1,0.27,10000,1,0,0,0,0,1,0.79
0,0.18,15000,1,0,0,0,1,0,0.02
1,0.25,7000,0,0,0,0,0,1,0.96
0,0.2,9000,0,0,0,0,1,0,0
0,0.22,9000,0,0,0,0,0,1,0.95
0,0.07,1000,0,1,0,0,0,0,0
0,0.22,3000,0,0,0,0,0,0,0.3
0,0.2,6500,1,0,0,0,0,1,0.92
0,0.2,3000,0,0,0,0,1,0,0.76
0,0.09,1400,1,0,0,0,0,1,0.9
0,0.25,3001,1,0,0,0,0,1,0.89
0,0.29,3000,0,0,0,0,0,0,0.65
0,0.13,5000,0,0,0,1,0,0,0
0,0.18,8000,0,0,0,0,1,0,0.33
1,0.29,5500,1,0,0,0,0,0,0.89
0,0.1,2300,0,0,1,0,0,0,0.62
0,0.19,16000,0,0,0,0,1,0,0.99
0,0.29,3000,0,0,0,0,0,0,0
0,0.24,7500,1,0,0,0,1,0,0.94
0,0.17,17000,1,0,0,1,0,0,0.59
0,0.17,25000,0,0,1,0,0,0,0.11
0,0.12,15000,0,0,1,0,0,0,0
0,0.22,1100,1,0,0,0,0,0,0
0,0.11,4000,0,0,0,0,0,1,0.64
0,0.29,8500,1,0,0,1,0,0,0.93
0,0.11,5000,0,0,1,0,0,0,0.18
0,0.17,1600,0,0,0,0,1,0,0.98
0,0.2,7500,1,0,0,0,0,1,0.9
0,0.2,3000,0,0,0,0,0,1,0.39
0,0.14,9999,0,0,1,0,0,0,0.54
0,0.09,1000,1,1,0,0,0,0,0.05
1,0.23,7000,0,0,0,0,0,1,0.52
0,0.08,3001,0,1,0,0,0,0,0.32
0,0.15,11000,0,0,0,1,0,0,0.54
0,0.28,3500,0,0,0,0,0,0,1.01
0,0.24,3500,0,0,0,0,0,0,0.8
0,0.18,4500,0,0,0,1,0,0,0.49
0,0.14,2500,0,0,0,0,1,0,0.24
0,0.15,9000,0,0,0,1,0,0,0.3
0,0.17,7500,0,0,0,0,0,1,0.62
0,0.29,7500,0,0,0,0,0,0,0.86
0,0.07,1000,1,0,0,0,0,0,1.06
0,0.17,10000,0,0,0,1,0,0,0.62
0,0.1,5200,0,0,1,0,0,0,0
0,0.2,6000,0,0,1,0,0,0,0.25
0,0.12,5000,0,1,0,0,0,0,0
0,0.29,2800,0,0,0,0,0,0,0.97
0,0.29,5000,0,0,0,0,0,0,0
0,0.23,1800,0,0,0,0,0,0,0
0,0.15,20000,0,0,1,0,0,0,0.66
0,0.15,1000,0,0,0,0,0,0,0
0,0.24,7000,0,0,0,0,0,1,1.14
0,0.15,7500,1,0,1,0,0,0,0
0,0.11,1000,1,0,0,0,0,0,0.97
0,0.22,15000,0,0,0,0,0,1,0.04
0,0.18,5000,0,0,0,0,1,0,0.12
0,0.18,19200,0,1,0,0,0,0,0
0,0.23,16000,1,0,1,0,0,0,0
0,0.19,5000,0,0,0,0,1,0,0.39
0,0.29,10000,0,0,0,0,1,0,0.62
0,0.1,3000,0,0,1,0,0,0,0
0,0.2,15000,0,0,0,1,0,0,0.65
0,0.18,20000,1,0,0,1,0,0,0.43
0,0.2,3000,1,0,0,0,0,1,0.47
0,0.29,3000,0,0,0,0,0,0,0.91
0,0.17,3500,0,0,0,1,0,0,0
0,0.16,6000,1,0,0,0,1,0,0.55
1,0.29,5000,0,0,0,0,0,0,0.51
0,0.23,19000,0,0,0,0,1,0,0.95
0,0.29,4090,1,0,0,0,0,0,0.58
0,0.2,1500,0,0,0,0,0,1,0.8
0,0.23,1000,1,0,0,0,0,0,0
0,0.28,12000,0,0,0,0,0,1,0.83
0,0.12,8000,0,0,1,0,0,0,0.61
1,0.23,5000,0,0,0,0,0,0,0.97
0,0.1,5000,0,1,0,0,0,0,0.71
0,0.11,5000,1,0,1,0,0,0,0
0,0.27,15000,1,0,0,0,1,0,0.75
0,0.09,2000,0,1,0,0,0,0,0.13
0,0.29,9000,0,0,0,0,0,0,0.85
0,0.12,4700,0,0,0,1,0,0,0.09
1,0.24,6001,0,0,0,0,0,1,0.74
0,0.11,13000,1,1,0,0,0,0,0
0,0.14,2500,0,0,0,0,1,0,0
0,0.2,19900,0,0,1,0,0,0,0.98
0,0.21,7000,0,0,0,0,1,0,0.52
0,0.11,3000,0,0,0,1,0,0,0
0,0.17,5000,0,0,0,0,1,0,0.93
1,0.25,13000,0,0,0,0,0,1,0.93
0,0.14,10000,0,0,1,0,0,0,0.44
0,0.22,7000,0,0,0,0,1,0,0.75
1,0.28,8423,0,0,0,0,0,0,0.92
0,0.15,10200,0,0,0,0,1,0,0
0,0.09,1500,0,1,0,0,0,0,0.03
0,0.29,3000,1,0,0,0,0,0,0.92
0,0.24,10000,0,0,0,0,0,1,0.68
0,0.25,9000,0,0,0,0,0,1,0.79
0,0.29,8500,1,0,0,0,0,0,0.87
1,0.29,5000,0,0,0,0,0,0,0.71
0,0.17,2000,0,0,1,0,0,0,0.53
1,0.29,3000,1,0,0,0,0,0,0.82
0,0.28,9000,0,0,0,0,0,1,0.7
0,0.25,7500,0,0,0,0,0,1,0.54
0,0.29,3000,1,0,0,0,0,0,0.61
0,0.2,25000,1,0,0,1,0,0,0.98
0,0.25,1500,1,0,0,0,0,0,0.97
0,0.15,12000,0,0,0,1,0,0,0.61
0,0.11,1500,0,0,0,1,0,0,0.07
1,0.29,2500,0,0,0,0,0,0,1.21
0,0.09,6000,0,1,0,0,0,0,0
0,0.12,5250,1,0,0,1,0,0,0.39
0,0.27,1000,1,0,0,0,0,0,0
0,0.15,10000,0,0,1,0,0,0,0.49
0,0.13,3500,1,0,0,0,1,0,0.71
0,0.29,4500,0,0,0,0,0,0,0.45
0,0.15,2000,0,0,0,0,1,0,0.62
0,0.2,10000,0,0,0,0,0,1,0.64
0,0.26,2600,0,0,0,0,0,0,0.36
0,0.15,2000,0,0,0,0,0,0,1.59
0,0.24,1500,0,0,0,0,0,0,0.96
0,0.24,4500,0,0,0,0,0,0,1.46
0,0.2,2000,0,0,0,0,0,0,0.84
0,0.25,1000,1,0,0,0,1,0,0.98
0,0.14,8000,0,0,0,1,0,0,0.92
0,0.29,2100,1,0,0,0,0,0,1.14
0,0.14,8000,0,0,0,1,0,0,0.21
0,0.16,3400,0,0,0,0,1,0,0.49
0,0.29,3000,0,0,0,0,0,0,0.94
0,0.18,15000,0,0,1,0,0,0,0.61
0,0.2,8000,0,0,0,0,0,1,0.84
1,0.2,4200,1,0,0,0,0,0,0.97
0,0.18,3001,0,0,0,0,0,1,0.8
0,0.16,20000,0,1,0,0,0,0,0.15
0,0.25,8000,1,0,0,0,0,1,0.85
1,0.29,4000,0,0,0,0,0,0,1
0,0.15,15000,0,1,0,0,0,0,0
0,0.06,6000,1,0,0,0,0,0,0.81
0,0.25,4000,0,0,0,0,0,0,0.02
0,0.15,16000,0,0,0,0,1,0,0.24
0,0.09,2550,0,1,0,0,0,0,0.01
0,0.17,3000,0,0,0,0,1,0,0
0,0.2,4500,0,0,0,0,0,1,0.39
0,0.12,8000,0,0,0,1,0,0,0.72
0,0.18,2275,0,0,0,0,0,1,1.03
0,0.25,12000,0,0,0,0,1,0,0.43
0,0.18,2800,0,0,0,0,1,0,0.99
0,0.13,2500,1,0,0,0,1,0,0.9
0,0.24,22000,0,0,0,0,0,1,0.93
0,0.2,3000,0,0,0,0,0,1,0.27
0,0.07,1000,1,0,0,0,0,1,0.99
